no,id,name,p_type,s_type,rarity,height,weight,ovr,a_ovr,hgt,str,spe,jmp,end,ins,dnk,ft,fg,tp,oiq,diq,drb,pss,reb,r_total,to_evo,from_evo,evo_age,evo_item,evo_ability,mega_evo,mega_x,mega_y,form,form_item,form_ability
1,1,Bulbasaur,Grass,Poison,Rare,28,15,29.56,20,19,32,33,32,50,27,28,33,42,28,22,30,41,33,35,485,2,,19,,,,,,,,
2,2,Ivysaur,Grass,Poison,,39,29,36.69,29,33,39,41,39,50,34,33,39,47,34,25,35,48,41,43,581,3,1,22,,,,,,,,
3,3,Venusaur,Grass,Poison,,79,221,47.28,48,67,49,51,49,50,44,41,49,54,42,25,36,58,51,52,718,,2,,,,10033,,,,,
3,10033,Mega Venusaur,Grass,Poison,,94,343,52.67,57,70,49,51,49,50,53,49,58,61,51,33,44,68,61,64,811,,,,,,,,,,,
4,4,Charmander,Fire,,Rare,24,19,29.51,20,15,29,43,42,50,29,29,34,40,26,30,24,33,26,32,482,5,,19,,,,,,,,
5,5,Charmeleon,Fire,,,43,42,36.65,29,37,38,51,49,50,35,34,40,47,34,32,20,41,33,39,580,6,4,22,,,,,,,,
6,6,Charizard,Fire,Flying,,67,200,47.26,48,59,48,61,59,50,45,42,50,57,46,38,26,51,43,50,725,,5,,,,,10034,10035,,,
6,10034,Mega Charizard X,Fire,Dragon,,67,244,52.60,57,59,48,61,59,50,66,61,70,64,54,43,43,51,43,61,833,,,,,,,,,,,
6,10035,Mega Charizard Y,Fire,Flying,,67,222,52.65,57,59,48,61,59,50,55,50,60,73,66,45,29,66,58,50,829,,,,,,,,,,,
7,7,Squirtle,Water,,Rare,20,20,29.51,20,11,31,32,31,50,27,28,32,36,22,32,34,40,33,44,483,8,,19,,,,,,,,
8,8,Wartortle,Water,,,39,50,36.66,29,33,39,40,38,50,34,34,40,42,28,30,34,48,41,51,582,9,7,22,,,,,,,,
9,9,Blastoise,Water,,,63,189,47.22,48,56,49,50,48,50,44,42,50,49,36,36,39,61,53,58,721,,8,,,,10036,,,,,
9,10036,Mega Blastoise,Water,,,63,223,52.62,57,56,49,50,48,50,54,50,60,65,56,47,46,66,58,63,818,,,,,,,,,,,
10,10,Caterpie,Bug,,Common,12,6,16.39,6,5,32,33,32,50,18,21,23,21,10,10,8,7,5,28,303,11,,18,,,,,,,,
11,11,Metapod,Bug,,Uncommon,28,22,20.24,10,19,34,26,24,50,13,16,18,23,12,12,20,12,10,38,327,12,10,19,,,,,,,,
12,12,Butterfree,Bug,Flying,,43,71,36.08,28,37,39,46,44,50,25,27,31,50,38,25,23,48,41,35,559,,11,,,,,,,,,
13,13,Weedle,Bug,Poison,Common,12,7,16.37,6,5,29,36,34,50,20,23,26,21,10,12,4,7,5,25,307,14,,18,,,,,,,,
14,14,Kakuna,Bug,Poison,Uncommon,24,22,20.23,10,15,32,28,27,50,15,18,21,23,12,20,15,12,10,35,333,15,13,19,,,,,,,,
15,15,Beedrill,Bug,Poison,,39,65,36.12,28,33,42,48,47,50,48,45,53,33,20,31,20,48,41,30,589,,14,,,,10090,,,,,
15,10090,Mega Beedrill,Bug,Poison,,55,89,47.20,48,49,42,79,74,50,74,69,77,18,8,43,28,48,41,30,730,,,,,,,,,,,
16,16,Pidgey,Normal,Flying,Common,12,4,21.22,11,5,29,39,37,50,25,27,31,28,16,16,12,22,18,30,385,17,,19,,,,,,,,
17,17,Pidgeotto,Normal,Flying,Uncommon,43,66,30.93,21,37,41,46,45,50,33,33,38,36,22,18,12,33,26,38,508,18,16,20,,,,,,,,
18,18,Pidgeot,Normal,Flying,,59,87,40.76,35,53,50,61,60,50,43,41,48,44,30,24,16,43,36,49,648,,17,,,,10073,,,,,
18,10073,Mega Pidgeot,Normal,Flying,,87,87,48.30,50,70,50,71,66,50,43,41,48,65,56,26,18,48,41,51,744,,,,,,,,,,,
19,19,Rattata,Normal,,Common,12,8,21.89,12,5,24,47,45,50,31,31,36,23,12,14,12,22,18,28,398,20,,19,,,,,,,,
20,20,Raticate,Normal,,,28,41,35.29,27,19,37,59,58,50,43,41,49,36,22,32,22,43,36,41,588,,19,,,,,,,,,
19,10091,Rattata-Alola,Dark,Normal,Common,12,8,21.94,12,5,24,47,45,50,31,31,36,23,12,12,14,22,18,28,398,10092,,19,,,,,,,,
20,10092,Raticate-Alola,Dark,Normal,,28,56,35.32,27,19,47,49,48,50,38,37,44,31,18,26,33,48,41,46,575,,10091,,,,,,,,,
21,21,Spearow,Normal,Flying,Common,12,4,22.78,13,5,29,46,44,50,33,33,38,26,15,18,13,18,16,25,409,22,,20,,,,,,,,
22,22,Fearow,Normal,Flying,,47,84,38.04,31,41,42,61,59,50,48,45,53,41,27,26,17,39,31,44,624,,21,,,,,,,,,
23,23,Ekans,Poison,,Uncommon,79,15,29.35,19,67,27,38,37,50,33,33,38,31,18,2,2,35,28,32,471,24,,21,,,,,,,,
24,24,Arbok,Poison,,,138,143,42.22,38,74,39,51,49,50,50,47,56,42,28,12,26,48,40,46,658,,23,,,,,,,,,
25,25,Pikachu,Electric,,Common,16,13,25.88,16,8,27,56,54,50,30,31,36,36,22,13,11,33,26,30,463,26 10100,,,thunderstone dawnstone,,,,,,,
26,26,Raichu,Electric,,,31,66,42.36,38,24,39,66,63,50,48,45,53,50,38,50,25,48,41,38,678,,25,,,,,,,,,
26,10100,Raichu-Alola,Electric,Psychic,,28,46,42.34,38,19,39,66,63,50,45,43,51,52,40,38,38,51,43,35,673,,25,,,,,,,,,
27,27,Sandshrew,Ground,,Common,24,27,22.05,12,15,34,31,29,50,40,39,46,21,10,10,18,17,15,53,428,28,,19,,,,,,,,
28,28,Sandslash,Ground,,,39,65,35.32,27,33,47,43,42,50,53,49,58,33,20,20,33,36,28,61,606,,27,,,,,,,,,
27,10101,Sandshrew-Alola,Ice,Steel,Common,28,88,22.01,12,19,34,31,29,50,40,39,46,16,6,11,12,22,18,54,427,10102,,,icestone,,,,,,,
28,10102,Sandslash-Alola,Ice,Steel,,47,121,35.34,27,41,47,43,42,50,53,49,58,23,12,23,23,41,33,63,601,,10101,,,,,,,,,
29,29,Nidoran ♀,Poison,,Common,16,15,21.86,12,8,37,31,30,50,26,27,32,31,18,11,17,27,21,36,402,30,,19,,,,,,,,
30,30,Nidorina,Poison,,Uncommon,31,44,30.31,20,24,44,39,37,50,34,33,39,38,24,18,24,36,28,45,513,31,29,,moonstone,,,,,,,
31,31,Nidoqueen,Poison,Ground,,51,132,42.39,38,45,53,49,47,50,49,45,54,45,32,28,34,51,43,53,678,,30,,,,,,,,,
32,32,Nidoran ♂,Poison,,Common,20,20,21.87,12,11,32,36,34,50,31,31,37,31,18,11,10,27,21,30,410,33,,19,,,,,,,,
33,33,Nidorino,Poison,,Uncommon,35,43,30.30,20,29,40,43,42,50,39,37,44,38,24,19,14,36,28,39,522,34,32,,moonstone,,,,,,,
34,34,Nidoking,Poison,Ground,,55,137,42.40,38,49,50,53,52,50,54,49,59,49,36,34,22,46,38,50,691,,33,,,,,,,,,
35,35,Clefairy,Fairy,,Common,24,17,26.27,16,15,44,28,27,50,25,27,31,40,26,18,18,41,33,34,457,36,173,,moonstone,,,,,,,
36,36,Clefable,Fairy,,,51,88,40.43,35,45,54,41,39,50,38,37,43,52,40,28,28,53,46,48,642,,36,,,,,,,,,
37,37,Vulpix,Fire,,Uncommon,24,22,27.62,18,15,28,43,42,50,23,25,29,36,22,18,21,41,33,30,456,38,,,firestone,,,,,,,
38,38,Ninetales,FIre,,,43,44,41.40,36,37,46,61,59,50,41,39,46,47,35,23,26,58,51,49,668,,37,,,,,,,,,
37,10103,Vulpix-Alola,Ice,,Uncommon,24,22,27.57,18,15,28,43,42,50,23,25,29,36,22,20,19,41,33,30,456,10104,,,icestone,,,,,,,
38,10104,Ninetales-Alola,Ice,Fairy,,43,44,41.44,36,37,46,65,62,50,36,35,42,47,35,24,23,58,51,49,660,,10103,,,,,,,,,
39,39,Jigglypuff,Normal,Fairy,Common,20,12,22.34,12,11,61,16,19,50,25,27,31,33,20,19,24,12,10,16,374,40,174,,moonstone,,,,,,,
40,40,Wigglytuff,Normal,Fairy,,39,27,40.40,35,33,66,33,32,50,38,37,43,49,36,43,48,33,26,33,600,,39,,,,,,,,,
41,41,Zubat,Poison,Flying,Uncommon,31,17,22.98,13,24,29,38,37,50,25,27,31,26,14,10,8,27,21,28,395,42,169,20,,,,,,,,
42,42,Golbat,Poison,Flying,,63,121,38.04,31,56,47,56,54,50,43,41,48,42,28,15,10,46,38,46,620,,41,,soothebell,,,,,,,
43,43,Oddish,Grass,Poison,Common,20,12,25.13,15,11,32,26,24,50,28,29,33,45,32,18,19,41,33,38,459,44,,19,,,,,,,,
44,44,Gloom,Grass,Poison,Uncommon,31,19,31.53,22,24,39,31,29,50,35,35,41,49,36,22,25,46,38,46,546,45 182,43,,leafstone sunstone,,,,,,,
45,45,Vileplume,Grass,Poison,,47,41,40.07,34,41,47,36,34,50,43,41,48,57,46,25,36,53,46,53,656,,44,,,,,,,,,
46,46,Paras,Bug,Grass,Common,12,12,21.58,12,5,27,21,22,50,38,37,43,33,20,17,17,36,28,38,432,47,,19,,,,,,,,
47,47,Parasect,Bug,Grass,,39,65,35.36,27,33,39,26,24,50,50,47,56,40,26,33,34,48,41,51,598,,46,,,,,,,,,
48,48,Venonat,Bug,Poison,Common,39,66,26.56,17,33,39,33,32,50,30,31,36,31,18,12,10,36,28,35,454,49,,20,,,,,,,,
49,49,Venomoth,Bug,Poison,,59,28,38.86,32,53,44,56,54,50,35,35,41,50,38,18,15,46,38,41,614,,48,,,,,,,,,
50,50,Diglett,Ground,,Common,8,2,24.64,15,3,9,58,57,50,30,31,36,28,16,18,16,31,23,21,427,51,,21,,,,,,,,
51,51,Dugtrio,Ground,,,28,73,41.96,37,19,27,70,66,50,53,49,58,36,22,52,38,43,36,35,654,,50,,,,,,,,,
50,10105,Diglett-Alola,Ground,Steel,Common,8,2,24.65,15,3,9,56,54,50,30,31,36,28,16,16,20,31,23,25,428,10106,,21,,,,,,,,
51,10106,Dugtrio-Alola,Ground,Steel,,28,147,41.90,37,19,27,66,63,50,53,49,58,36,22,44,48,43,36,41,655,,10105,,,,,,,,,
52,52,Meowth,Normal,,Common,16,9,25.06,15,8,29,56,54,50,25,27,31,31,18,13,13,27,21,28,431,53,,20,,,,,,,,
53,53,Persian,Normal,,,39,71,38.60,32,33,42,68,64,50,38,37,43,42,28,25,24,41,33,41,609,,52,,,,,,,,,
52,10107,Meowth-Alola,Dark,,Common,16,9,25.07,15,8,29,56,54,50,20,23,26,36,22,15,11,27,21,28,426,10108,,20,,,,,,,,
53,10108,Persian-Alola,Dark,,,43,73,38.62,32,37,42,68,64,50,33,33,38,45,32,26,19,41,33,41,602,,10107,,,,,,,,,
52,052_f2,Meowth-Galar,Steel,,Common,16,17,25.07,15,8,34,31,29,50,35,35,41,31,18,20,28,27,21,38,446,863,,20,,,,,,,,
54,54,Psyduck,Water,,Uncommon,31,43,27.38,17,24,34,38,37,50,29,29,34,42,28,15,16,33,26,34,469,55,,21,,,,,,,,
55,55,Golduck,Water,,,67,169,41.48,36,59,49,53,52,50,44,41,49,52,40,20,18,48,41,50,666,,54,,,,,,,,,
56,56,Mankey,Fighting,,Common,20,62,25.32,15,11,29,46,44,50,43,41,48,28,16,17,12,31,23,28,467,57,,20,,,,,,,,
57,57,Primeape,Fighting,,,39,71,38.75,32,33,42,58,57,50,55,51,61,40,26,38,17,43,36,41,648,,56,,,,,,,,,
58,58,Growlithe,Fire,,Uncommon,28,42,26.61,17,19,37,41,39,50,38,37,43,44,30,12,10,33,26,33,492,59,,,firestone,,,,,,,
59,59,Arcanine,Fire,,,75,342,43.14,39,65,53,58,57,50,58,53,63,54,42,15,13,48,41,51,721,,58,,,,,,,,,
60,60,Poliwag,Water,,Common,24,27,26.32,16,15,29,56,54,50,28,29,33,31,18,13,13,27,21,30,447,61,,19,,,,,,,,
61,61,Poliwhirl,Water,,Uncommon,39,44,32.64,23,33,42,56,54,50,35,35,41,36,22,16,16,33,26,44,539,62,60,,waterstone king'srock,,,,,,,
62,62,Poliwrath,Water,Fighting,,51,119,42.40,38,45,53,46,44,50,50,47,56,44,30,43,23,53,46,56,686,,61,,,,,,,,,
63,63,Abra,Psychic,,Uncommon,35,43,29.36,19,29,22,56,54,50,13,16,18,55,44,15,7,36,28,11,454,64,,20,,,,,,,,
64,64,Kadabra,Psychic,,,51,125,37.45,30,45,29,63,61,50,20,23,26,60,50,25,10,43,36,25,566,65,63,,everstone,,,,,,,
65,65,Alakazam,Psychic,,,59,106,44.50,42,53,37,70,66,50,28,29,33,65,56,33,13,56,48,33,670,,64,,,,10037,,,,,
65,10037,Mega Alakazam,Psychic,,,47,106,51.04,55,41,37,80,76,50,28,29,33,79,72,54,25,61,53,44,762,,,,,,,,,,,
66,66,Machop,Fighting,,Uncommon,31,43,23.83,14,24,44,28,27,50,43,41,48,28,16,14,9,22,18,35,447,67,,19,,,,,,,,
67,67,Machoke,Fighting,,,59,155,33.90,25,53,49,33,32,50,53,49,58,36,22,20,12,38,31,46,582,68,66,,everstone,,,,,,,
68,68,Machamp,Fighting,,,63,287,41.55,36,56,53,38,37,50,66,61,70,42,28,38,17,51,43,51,701,,67,,,,,,,,,
69,69,Bellsprout,Grass,Poison,Common,28,9,23.24,13,19,34,31,29,50,40,39,46,44,30,13,10,17,15,28,445,70,,19,,,,,,,,
70,70,Weepinbell,Grass,Poison,Uncommon,39,14,30.79,21,33,42,38,37,50,48,45,53,49,36,18,13,31,23,35,551,71,69,,leafstone,,,,,,,
71,71,Victreebel,Grass,Poison,,67,34,40.17,34,59,49,46,44,50,55,51,61,54,42,22,15,43,36,44,671,,70,,,,,,,,,
72,72,Tentacool,Water,Poison,Uncommon,35,100,29.42,19,29,29,46,44,50,23,25,28,36,22,7,11,58,51,28,487,73,,21,,,,,,,,
73,73,Tentacruel,Water,Poison,,63,121,42.58,38,56,49,61,59,50,38,37,43,47,34,10,18,68,61,44,675,,72,,,,,,,,,
74,74,Geodude,Rock,Ground,Common,16,44,21.61,12,8,29,16,19,50,43,41,48,26,14,15,32,17,15,58,431,75,,19,,,,,,,,
75,75,Graveler,Rock,Ground,Uncommon,39,232,31.25,21,33,37,28,27,50,50,47,56,33,20,18,35,31,23,62,550,76,74,,everstone,,,,,,,
76,76,Golem,Rock,Ground,,55,661,42.17,37,49,49,33,32,50,62,57,67,38,24,29,53,41,33,66,683,,75,,,,,,,,,
74,10109,Geodude-Alola,Rock,Electric,Common,16,45,21.61,12,8,29,16,19,50,43,41,48,26,14,21,27,17,15,58,432,10110,,19,,,,,,,,
75,10110,Graveler-Alola,Rock,Electric,Uncommon,39,243,31.25,21,33,37,28,27,50,50,47,56,33,20,24,30,31,23,62,551,10111,10109,,everstone,,,,,,,
76,10111,Golem-Alola,Rock,Electric,,67,697,42.20,37,59,49,33,32,50,62,57,67,38,24,34,39,41,33,66,684,,10110,,,,,,,,,
77,77,Ponyta,Fire,,Uncommon,39,66,31.55,22,33,34,56,54,50,45,43,51,42,28,9,7,41,33,38,564,78,,21,,,,,,,,
78,78,Rapidash,Fire,,,67,209,41.57,36,59,42,63,61,50,53,49,58,47,34,18,13,48,41,46,682,,77,,,,,,,,,
77,077_f2,Ponyta-Galar,Psychic,,Uncommon,31,53,31.50,22,24,34,56,54,50,45,43,51,42,28,11,14,41,33,38,564,078_f2,,21,,,,,,,,
78,078_f2,Rapidash-Galar,Psychic,Fairy,,67,176,41.54,36,59,42,63,61,50,53,49,58,47,34,13,17,48,41,46,681,,077_f2,,,,,,,,,
79,79,Slowpoke,Water,Psychic,Uncommon,47,79,25.68,16,41,53,11,14,50,35,35,41,31,18,11,17,27,21,44,449,80 199,,20,king'srock,,,,,,,
80,80,Slowbro,Water,Psychic,,63,173,40.89,35,56,54,26,24,50,40,39,46,54,42,26,39,48,41,61,646,,79,,,,10071,,,,,
80,10071,Mega Slowbro,Water,Psychic,,79,265,47.23,48,67,54,26,24,50,40,39,46,64,54,33,55,48,41,76,717,,,,,,,,,,,
79,079_f2,Slowpoke-Galar,Psychic,,Uncommon,47,79,25.68,16,41,53,11,14,50,35,35,41,31,18,17,12,27,21,44,450,080_f2 199_f2,,,galaricacuff galaricawreath,,,,,,,
80,080_f2,Slowbro-Galar,Poison,Psychic,,63,155,40.88,35,56,54,26,24,50,53,49,58,54,42,40,27,43,36,56,668,,079_f2,,,,,,,,,
81,81,Magnemite,Electric,Steel,Uncommon,12,13,24.19,14,5,22,33,32,50,20,23,26,52,40,19,17,36,28,46,449,82,,20,,,,,,,,
82,82,Magneton,Electric,Steel,,39,132,36.92,30,33,34,46,44,50,33,33,38,60,50,28,26,43,36,56,610,462,81,,thunderstone,,,,,,,
83,83,Farfetch'd,Normal,Flying,Uncommon,31,33,34.05,25,24,35,41,39,50,48,45,53,40,25,31,31,39,32,38,571,,,,,,,,,,,
83,083_f2,Farfetch'd-Galar,Fighting,,Rare,31,93,34.04,25,24,35,38,37,50,50,47,56,40,25,37,28,39,32,38,576,865,,,,fighting-type,,,,,,
84,84,Doduo,Normal,Flying,Uncommon,55,86,28.38,18,49,27,48,47,50,45,43,51,28,16,6,5,22,18,33,488,85,,20,,,,,,,,
85,85,Dodrio,Normal,Flying,,71,188,40.80,35,62,39,66,63,50,58,53,63,40,26,20,12,38,31,46,667,,84,,,,,,,,,
86,86,Seel,Water,,Uncommon,43,198,28.28,18,37,42,33,32,50,25,27,31,33,20,11,11,43,36,38,469,87,,20,,,,,,,,
87,87,Dewgong,Water,Ice,,67,265,40.83,35,59,53,46,44,50,38,37,43,44,30,19,22,56,48,51,640,,86,,,,,,,,,
88,88,Grimer,Poison,,Common,35,66,25.85,16,29,49,21,22,50,43,41,48,31,18,14,13,33,26,35,473,89,,20,,,,,,,,
89,89,Muk,Poison,,,47,66,40.13,34,41,58,36,34,50,55,51,61,42,28,30,28,58,51,49,672,,88,,,,,,,,,
88,10112,Grimer-Alola,Poison,Dark,Common,28,93,25.80,16,19,49,21,22,50,43,41,48,31,18,16,21,33,26,35,473,10113,,20,,,,,,,,
89,10113,Muk-Alola,Poison,Dark,,39,115,40.18,34,33,58,36,34,50,55,51,61,42,28,28,38,58,51,49,672,,10112,,,,,,,,,
90,90,Shellder,Water,,Uncommon,12,9,21.34,11,5,24,31,29,50,35,35,41,33,20,20,20,12,10,58,423,91,,,waterstone,,,,,,,
91,91,Cloyster,Water,Ice,,59,292,40.79,35,53,34,46,44,50,50,47,56,49,36,31,37,31,23,76,663,,90,,,,,,,,,
92,92,Gastly,Ghost,Poison,Uncommon,51,0,29.35,19,45,24,51,49,50,20,23,26,54,42,10,6,22,18,25,465,93,,20,,,,,,,,
93,93,Haunter,Ghost,Poison,,63,0,37.46,30,56,32,58,57,50,28,29,33,59,48,17,13,36,28,33,577,94,92,,everstone,,,,,,,
94,94,Gengar,Ghost,Poison,,59,89,44.49,42,53,39,66,63,50,35,35,41,64,54,30,24,46,38,41,679,,93,,,,10038,,,,,
94,10038,Mega Gengar,Ghost,Poison,,55,89,51.17,55,49,39,74,69,50,35,35,41,77,70,45,33,56,48,51,772,,,,,,,,,,,
95,95,Onix,Rock,Ground,Pseudo,346,463,40.43,35,83,27,46,44,50,25,27,31,26,14,27,32,31,23,72,558,208,,,metalcoat,,,,,,,
96,96,Drowzee,Psychic,,Uncommon,39,71,28.95,19,33,39,32,30,50,27,28,32,32,19,12,14,53,46,33,480,97,,21,,,,,,,,
97,97,Hypno,Psychic,,,63,167,42.12,37,56,51,44,43,50,39,38,45,45,31,21,26,66,58,46,659,,96,,,,,,,,,
98,98,Krabby,Water,,Common,16,14,21.43,11,8,24,36,34,50,55,51,61,23,12,16,13,12,10,54,459,99,,19,,,,,,,,
99,99,Kingler,Water,,,51,132,36.79,29,45,37,48,47,50,66,61,70,36,22,28,19,33,26,62,650,,98,,,,,,,,,
100,100,Voltorb,Electric,,Uncommon,20,23,27.28,17,11,29,61,59,50,18,21,23,38,24,16,9,36,28,35,458,101,,20,,,,,,,,
101,101,Electrode,Electric,,,47,147,40.89,35,41,39,80,76,50,28,29,33,47,34,24,14,48,41,46,630,,100,,,,,,,,,
102,102,Exeggcute,Grass,Psychic,Uncommon,16,6,21.86,12,8,39,31,29,50,23,25,28,40,26,11,10,31,23,51,425,103 10114,,,leafstone growthmulch,,,,,,,
103,103,Exeggutor,Grass,Psychic,Rare,79,265,40.19,34,67,54,38,37,50,50,47,56,62,52,14,14,46,38,53,678,,102,,,,,,,,,
103,10114,Exeggutor-Alola,Grass,Dragon,,429,916,45.67,45,85,54,33,32,50,55,51,61,62,52,31,20,46,38,53,723,,102,,,,,,,,,
104,104,Cubone,Ground,,Uncommon,16,14,23.16,13,8,34,28,27,50,28,29,33,31,18,18,18,33,26,56,437,105 10115,,20,duskstone,,,,,,,
105,105,Marowak,Ground,,,39,99,40.49,35,33,39,33,32,50,43,41,48,36,22,49,49,48,41,61,625,,104,,,,,,,,,
105,10115,Marowak-Alola,Fire,Ghost,,39,75,40.47,35,33,39,33,32,50,43,41,48,36,22,56,43,48,41,61,626,,104,,,,,,,,,
106,106,Hitmonlee,Fighting,,Rare,59,110,40.82,35,53,34,54,53,50,62,57,67,28,16,24,18,63,56,37,672,,236,,,,,,,,,
107,107,Hitmonchan,Fighting,,Rare,55,111,40.85,35,49,34,49,47,50,55,51,61,28,16,27,27,63,56,51,664,,236,,,,,,,,,
108,108,Lickitung,Normal,,Uncommon,47,144,35.11,27,41,53,26,24,50,30,31,36,40,26,29,30,46,38,49,549,463,,21,,,,,,,,
109,109,Koffing,Poison,,Common,24,2,27.03,17,15,29,28,27,50,35,35,41,40,26,19,32,31,23,56,487,110 110_f2,,20,shinystone,,,,,,,
110,110,Weezing,Poison,,,47,21,40.21,34,41,42,41,39,50,48,45,53,49,36,24,45,43,36,63,655,,109,,,,,,,,,
110,110_f2,Weezing-Galar,Poison,Fairy,,118,35,40.16,34,72,42,41,39,50,48,45,53,49,36,14,22,43,36,63,653,,109,,,,,,,,,
111,111,Rhyhorn,Ground,Rock,Uncommon,39,254,26.94,17,33,49,21,22,50,45,43,51,26,14,20,21,17,15,56,483,112,,20,,,,,,,,
112,112,Rhydon,Ground,Rock,,75,265,38.57,32,65,58,31,29,50,66,61,70,33,20,23,26,31,23,63,649,464,111,,protector,,,,,,,
113,113,Chansey,Normal,,Rare,43,76,40.03,34,37,89,36,34,50,5,7,7,28,16,15,55,61,53,1,494,242,440,,soothebell,,,,,,,
114,114,Tangela,Grass,,Uncommon,39,77,34.00,25,33,42,41,39,50,30,31,36,54,42,25,28,27,21,62,561,465,,21,,,,,,,,
115,115,Kangaskhan,Normal,,Pseudo,87,176,43.92,41,70,58,56,54,50,50,47,56,31,18,21,23,48,41,51,674,,,,,,10039,,,,,
115,10039,Mega Kangaskhan,Normal,,,87,221,51.16,55,70,58,61,59,50,64,59,69,40,26,40,30,58,51,58,793,,,,,,,,,,,
116,116,Horsea,Water,,Uncommon,16,18,22.96,13,8,24,41,39,50,23,25,28,44,30,19,17,12,10,46,416,117,,19,,,,,,,,
117,117,Seadra,Water,,,47,55,36.75,29,41,37,53,52,50,35,35,41,52,40,27,22,31,23,56,595,230,116,,dragonscale,,,,,,,
118,118,Goldeen,Water,,Common,24,33,26.50,17,15,32,42,41,50,36,35,42,28,16,19,16,33,26,41,472,119,,20,,,,,,,,
119,119,Seaking,Water,,,51,86,39.42,33,45,49,45,43,50,49,45,54,42,28,27,27,48,41,44,637,,118,,,,,,,,,
120,120,Staryu,Water,,Uncommon,31,76,30.40,20,24,24,53,52,50,25,27,31,44,30,19,18,36,28,38,499,121,,,waterstone,,,,,,,
121,121,Starmie,Water,Psychic,,43,176,42.62,38,37,39,68,64,50,40,39,46,54,42,29,27,51,43,53,682,,120,,,,,,,,,
122,122,Mr. Mime,Psychic,Fairy,Rare,51,120,43.54,40,45,29,56,54,50,25,27,31,54,42,25,38,68,61,44,649,,439,,,,,,,,,
122,122_f2,Mr. Mime-Galar,Psychic,Ice,,55,125,40.11,34,49,34,61,59,50,35,35,41,50,38,22,17,53,46,44,634,866,439,21,,,,,,,,
123,123,Scyther,Bug,Flying,Rare,59,124,40.15,34,53,44,63,61,50,58,53,63,38,24,17,13,48,41,51,677,212,,,metalcoat,,,,,,,
124,124,Jynx,Ice,Psychic,Rare,55,90,43.03,39,49,42,58,57,50,28,29,33,59,48,34,21,56,48,28,640,,238,,,,,,,,,
125,125,Electabuzz,Electric,,Rare,43,66,39.29,33,37,42,63,61,50,44,42,50,52,40,23,15,51,43,39,652,466,239,,electirizer,,,,,,,
126,126,Magmar,Fire,,Rare,51,98,39.36,33,45,42,57,56,50,50,47,56,54,42,20,13,51,43,39,665,467,240,,magmarizer,,,,,,,
127,127,Pinsir,Bug,,Rare,59,121,41.67,37,53,42,53,52,50,64,59,69,38,24,34,21,43,36,58,696,,,,,,10040,,,,,
127,10040,Mega Pinsir,Bug,Flying,,67,130,49.50,53,59,42,63,61,50,76,71,79,42,28,51,25,53,46,63,809,,,,,,,,,,,
128,128,Tauros,Normal,,Rare,55,195,40.79,35,49,47,66,63,50,53,49,58,31,18,23,20,43,36,56,662,,,,,,,,,,,
129,129,Magikarp,Water,,Pseudo,35,22,20.16,10,29,19,51,49,50,8,11,12,18,8,3,5,7,5,38,313,130,,22,,,,,,,,
130,130,Gyarados,Water,Flying,,256,518,47.26,48,81,54,51,50,50,64,59,69,40,26,25,20,58,51,51,749,,129,,,,10041,,,,,
130,10041,Mega Gyarados,Water,Dark,,256,672,51.11,55,81,54,51,50,50,76,71,79,44,30,30,22,72,66,60,836,,,,,,,,,,,
131,131,Lapras,Water,Ice,Pseudo,98,485,44.29,42,71,64,41,39,50,45,43,51,49,36,18,27,56,48,51,689,,,,,,,,,,,
132,132,Ditto,Normal,,Common,12,9,29.47,20,5,33,35,33,50,27,28,32,35,21,38,38,32,25,34,466,,,,,,,,,,,
133,133,Eevee,Normal,,Uncommon,12,14,24.79,15,5,37,38,37,50,30,31,36,33,20,15,15,41,33,35,456,134 135 136 196 197 470 471 700,,,waterstone thunderstone firestone dawnstone duskstone leafstone icestone shinystone,,,,,,,
134,134,Vaporeon,Water,,Rare,39,64,40.52,35,33,64,43,42,50,35,35,41,57,46,19,37,56,48,41,647,,133,,,,,,,,,
135,135,Jolteon,Electric,,Rare,31,54,40.58,35,24,42,74,69,50,35,35,41,57,46,28,17,56,48,41,663,,133,,,,,,,,,
136,136,Flareon,Fire,,Rare,35,55,40.51,35,29,42,43,42,50,66,61,70,52,40,30,29,63,56,41,714,,133,,,,,,,,,
137,137,Porygon,Normal,,Uncommon,31,81,32.68,23,24,42,31,29,50,33,33,38,49,36,30,25,46,38,46,550,233,,,up-grade,,,,,,,
138,138,Omanyte,Rock,Water,Common,16,17,26.77,17,8,27,28,27,50,23,25,28,50,38,27,26,36,28,58,479,139,,20,,,,,,,,
139,139,Omastar,Rock,Water,,39,77,40.21,34,33,44,38,37,50,33,33,38,59,48,42,39,43,36,64,637,,138,,,,,,,,,
140,140,Kabuto,Rock,Water,Common,20,25,26.76,17,11,24,38,37,50,43,41,48,38,24,23,21,31,23,54,506,141,,20,,,,,,,,
141,141,Kabutops,Rock,Water,,51,89,40.20,34,45,39,51,49,50,60,55,65,42,28,33,24,43,36,59,679,,140,,,,,,,,,
142,142,Aerodactyl,Rock,Flying,Pseudo,71,130,43.78,41,62,49,74,69,50,55,51,61,40,26,20,13,46,38,44,698,,,,,,10042,,,,,
142,10042,Mega Aerodactyl,Rock,Flying,,83,174,51.01,55,69,49,80,76,50,68,63,72,44,30,34,18,56,48,53,810,,,,,,,,,,,
143,143,Snorlax,Normal,,Pseudo,83,1014,44.43,42,69,71,26,24,50,58,53,63,42,28,22,34,63,56,44,703,,,,,,,,,,,
144,144,Articuno,Ice,Flying,Legendary,67,122,48.28,50,59,53,53,52,50,45,43,51,52,40,27,35,70,63,58,751,,,,,,,,,,,
144,144_f2,Articuno-Galar,Psychic,Flying,Legendary,67,112,48.20,50,59,53,58,57,50,45,43,51,62,52,31,29,58,51,53,752,,,,,,,,,,,
145,145,Zapdos,Electric,Flying,Legendary,63,116,48.20,50,56,53,61,59,50,48,45,53,62,52,31,32,53,46,53,754,,,,,,,,,,,
145,145_f2,Zapdos-Galar,Fighting,Flying,Legendary,63,128,48.19,50,56,53,61,59,50,64,59,69,49,36,36,30,53,46,54,775,,,,,,,,,,,
146,146,Moltres,Fire,Flying,Legendary,79,132,48.21,50,67,53,56,54,50,53,49,58,62,52,33,25,51,43,54,760,,,,,,,,,,,
146,146_f2,Moltres-Galar,Dark,Flying,Legendary,79,146,48.21,50,67,53,56,54,50,45,43,51,54,42,22,27,70,63,54,751,,,,,,,,,,,
147,147,Dratini,Dragon,,Pseudo,71,7,30.34,20,62,30,36,34,50,35,34,40,36,22,8,8,33,26,33,487,148,,20,,,,,,,,
148,148,Dragonair,Dragon,,,157,36,40.14,34,76,40,46,44,50,45,42,50,44,30,15,18,43,36,44,623,149,147,22,,,,,,,,
149,149,Dragonite,Dragon,Flying,,87,463,47.30,48,70,53,51,49,50,68,63,72,54,42,24,23,58,51,56,784,,148,,,,,,,,,
150,150,Mewtwo,Psychic,,Mythical,79,269,54.70,60,67,58,74,69,50,58,53,63,72,64,40,29,53,46,54,850,,,,,,,10043,10044,,,
150,10043,Mega Mewtwo X,Psychic,Fighting,,91,280,60.10,66,70,58,74,69,50,90,85,90,72,64,45,40,58,51,58,974,,,,,,,,,,,
150,10044,Mega Mewtwo Y,Psychic,,,59,73,60.10,66,53,58,77,73,50,74,69,77,85,80,56,35,68,61,46,962,,,,,,,,,,,
151,151,Mew,Psychic,,Pseudo,16,9,45.73,45,8,56,61,59,50,53,49,58,54,42,48,48,58,51,58,753,,,,,,,,,,,
152,152,Chikorita,Grass,,Rare,35,14,29.51,20,29,32,33,32,50,27,28,33,35,22,20,24,41,33,44,483,153,,19,,,,,,,,
153,153,Bayleef,Grass,,,47,35,36.68,29,41,39,41,39,50,34,33,39,41,27,25,30,48,41,51,579,154,152,22,,,,,,,,
154,154,Meganium,Grass,,,71,222,47.28,48,62,49,51,49,50,44,41,49,48,35,30,40,58,51,58,715,,153,,,,,,,,,
155,155,Cyndaquil,Fire,,Rare,20,17,29.51,20,11,29,43,42,50,29,29,34,40,26,29,25,38,31,32,488,156,,19,,,,,,,,
156,156,Quilava,Fire,,,35,42,36.62,29,29,38,51,49,50,35,34,40,47,34,33,27,41,33,39,580,157,155,22,,,,,,,,
157,157,Typhlosion,Fire,,,67,175,47.21,48,59,48,61,59,50,45,42,50,57,46,34,29,51,43,50,724,,156,,,,,,,,,
158,158,Totodile,Water,,Rare,24,21,29.50,20,15,34,32,31,50,35,35,41,33,20,34,31,32,25,43,491,159,,19,,,,,,,,
159,159,Croconaw,Water,,,43,55,36.68,29,37,42,40,38,50,43,41,48,40,26,35,29,40,32,51,592,160,158,22,,,,,,,,
160,160,Feraligatr,Water,,,91,196,47.27,48,70,51,50,48,50,55,51,61,47,34,37,29,50,42,58,733,,159,,,,,,,,,
161,161,Sentret,Normal,,Common,31,13,21.91,12,24,27,16,19,50,26,27,31,28,16,12,20,31,23,27,377,162,,19,,,,,,,,
162,162,Furret,Normal,,,71,72,35.33,27,62,51,56,54,50,41,39,46,33,20,4,7,36,28,43,570,,161,,,,,,,,,
163,163,Hoothoot,Normal,Flying,Uncommon,28,47,26.12,16,19,39,36,34,50,18,21,23,29,17,15,21,36,29,25,412,164,,20,,,,,,,,
164,164,Noctowl,Normal,Flying,,63,90,40.86,35,56,56,46,44,50,28,29,33,49,37,17,26,56,49,35,611,,163,,,,,,,,,
165,165,Ledyba,Bug,Flying,Common,39,24,25.33,15,33,29,38,37,50,13,16,18,31,18,5,5,48,41,25,407,166,,19,,,,,,,,
166,166,Ledian,Bug,Flying,,55,79,36.02,28,49,37,53,52,50,20,23,26,38,24,12,12,63,56,35,550,,165,,,,,,,,,
167,167,Spinarak,Bug,Poison,Common,20,19,21.28,11,11,29,26,24,50,33,33,38,31,18,17,13,27,21,30,401,168,,19,,,,,,,,
168,168,Ariados,Bug,Poison,,43,74,35.61,28,37,44,31,29,50,48,45,53,40,26,41,22,43,36,46,591,,167,,,,,,,,,
169,169,Crobat,Poison,Flying,,71,165,45.95,45,62,51,74,69,50,48,45,53,44,30,27,18,48,41,51,711,,41,,,,,,,,,
170,170,Chinchou,Water,Electric,Common,20,27,25.44,15,11,47,44,43,50,22,24,27,39,25,10,10,36,29,29,446,171,,20,,,,,,,,
171,171,Lanturn,Water,Electric,,47,50,38.64,32,41,63,44,43,50,32,32,37,46,33,26,26,46,39,39,597,,170,,,,,,,,,
172,172,Pichu,Electric,,Common,12,4,18.71,9,5,19,41,39,50,23,25,28,28,16,10,6,22,18,11,341,25,,,luckyegg,,,,,,,
173,173,Cleffa,Fairy,,Common,12,7,18.48,9,5,34,11,14,50,15,18,21,33,20,15,15,36,28,24,339,35,,,luckyegg,,,,,,,
174,174,Igglybuff,Normal,Fairy,Common,12,2,18.69,9,5,34,11,14,50,15,18,21,33,20,13,18,36,28,24,340,39,,,luckyegg,,,,,,,
175,175,Togepi,Fairy,,Uncommon,12,3,20.18,10,5,27,16,19,50,13,16,18,31,18,18,18,41,33,44,367,176,,,luckyegg,,,,,,,
176,176,Togetic,Fairy,Flying,,24,7,32.18,23,15,37,31,29,50,23,25,28,47,34,24,31,61,53,53,541,468,175,,shinystone,,,,,,,
177,177,Natu,Psychic,Flying,Common,8,4,25.02,15,3,29,46,44,50,28,29,33,44,30,13,19,31,23,33,455,178,,20,,,,,,,,
178,178,Xatu,Psychic,Flying,,59,33,40.17,34,53,42,58,57,50,40,39,46,52,40,15,23,43,36,46,640,,177,,,,,,,,,
179,179,Mareep,Electric,,Common,24,17,22.35,12,15,37,28,27,50,23,25,28,42,28,9,12,31,23,30,408,180,,19,,,,,,,,
180,180,Flaafy,Electric,,,31,29,30.30,20,24,44,33,32,50,30,31,36,47,34,20,23,38,31,38,511,181,179,21,,,,,,,,
181,181,Ampharos,Electric,,,55,136,42.16,37,49,53,38,37,50,40,39,46,59,48,28,33,53,46,53,672,,180,,,,10045,,,,,
181,10045,Mega Ampharos,Electric,Dragon,,55,136,48.18,50,49,53,33,32,50,50,47,56,75,68,42,43,63,56,59,776,,,,,,,,,,,
182,182,Bellossom,Grass,,,16,13,40.10,34,8,47,36,34,50,43,41,48,50,38,54,45,58,51,56,659,,44,,,,,,,,,
183,183,Marill,Water,Fairy,Common,16,19,21.57,12,8,44,31,29,50,13,16,18,21,10,17,12,33,26,35,363,184,298,20,,,,,,,,
184,184,Azumarill,Water,Fairy,,31,63,40.20,34,24,56,36,34,50,28,29,33,40,26,57,42,48,41,51,595,,183,,,,,,,,,
185,185,Sudowoodo,Rock,,Uncommon,47,84,36.69,29,41,44,26,24,50,53,49,58,26,14,24,50,41,33,62,595,,438,,,,,,,,,
186,186,Politoed,Water,,,43,75,42.40,38,37,53,46,44,50,40,39,46,50,38,30,38,58,51,49,669,,61,,,,,,,,,
187,187,Hoppip,Grass,Flying,Common,16,1,20.78,11,8,27,36,34,50,20,23,26,28,16,9,9,36,28,30,380,188,,18,,,,,,,,
188,188,Skiploom,Grass,Flying,,24,2,28.89,19,15,37,51,49,50,25,27,31,33,20,17,17,41,33,35,481,189,187,20,,,,,,,,
189,189,Jumpluff,Grass,Flying,,31,7,40.24,34,24,47,66,63,50,30,31,36,38,24,27,34,56,48,46,620,,188,,,,,,,,,
190,190,Aipom,Normal,,Uncommon,31,25,30.49,21,24,37,53,52,50,38,37,43,31,18,24,10,36,28,38,519,424,,21,,,,,,,,
191,191,Sunkern,Grass,,Common,12,4,20.16,10,5,24,26,24,50,18,21,23,26,14,22,24,17,15,25,334,192,,,sunstone,,,,,,,
192,192,Sunflora,Grass,,,31,19,35.11,27,24,47,26,24,50,40,39,46,55,44,28,35,51,43,38,590,,191,,,,,,,,,
193,193,Yanma,Bug,Flying,Uncommon,47,84,32.59,23,41,42,58,57,50,35,35,41,45,32,12,6,31,23,33,541,469,,21,,,,,,,,
194,194,Wooper,Water,Ground,Common,16,19,19.70,10,8,37,11,14,50,25,27,31,23,12,20,30,12,10,33,343,195,,20,,,,,,,,
195,195,Quagsire,Water,Ground,,55,165,39.71,34,49,54,28,27,50,45,43,51,42,28,28,46,41,33,53,618,,194,,,,,,,,,
196,196,Espeon,Psychic,,Rare,35,58,40.58,35,29,42,66,63,50,35,35,41,64,54,22,21,56,48,41,667,,133,,,,,,,,,
197,197,Umbreon,Dark,,Rare,39,60,40.54,35,33,54,43,42,50,35,35,41,40,26,19,38,72,66,61,655,,133,,,,,,,,,
198,198,Murkrow,Dark,Flying,Uncommon,20,5,32.22,23,11,39,56,55,50,45,43,51,49,36,18,28,29,22,31,563,430,,,duskstone,,,,,,,
199,199,Slowking,Water,Psychic,,79,175,40.83,35,67,54,26,24,50,40,39,46,54,42,21,21,63,56,51,654,,79,,,,,,,,,
199,199_f2,Slowking-Galar,Poison,Psychic,,71,175,40.89,35,62,54,26,24,50,35,35,41,57,46,20,27,63,56,51,647,,080_f2,,,,,,,,,
200,200,Misdreavus,Ghost,,Uncommon,28,2,33.89,25,19,39,53,52,50,33,33,38,49,36,23,17,51,43,41,577,429,,,duskstone,,,,,,,
201,201,Unown,Psychic,,Common,20,11,25.31,15,11,33,35,33,50,39,37,44,44,31,16,15,32,25,34,479,,,,,,,,,,,
202,202,Wobbuffet,Psychic,,Uncommon,51,63,35.02,27,45,77,27,26,50,19,22,25,27,15,10,45,37,30,39,494,,360,,,,,,,,,
203,203,Girafarig,Normal,Psychic,Uncommon,59,92,36.66,29,53,44,53,52,50,43,41,48,50,38,11,11,41,33,44,612,,,,,,,,,,,
204,204,Pineco,Bug,,Common,24,16,21.50,12,15,34,11,14,50,35,35,41,28,16,14,27,22,18,54,414,205,,20,,,,,,,,
205,205,Forretress,Bug,Steel,,47,277,37.81,31,41,47,31,29,50,48,45,53,40,26,24,47,38,31,68,618,,204,,,,,,,,,
206,206,Dunsparce,Normal,,Common,59,31,30.42,20,53,56,33,32,50,38,37,43,42,28,2,2,41,33,46,536,,,,,,,,,,,
207,207,Gligar,Ground,Flying,Uncommon,43,143,34.15,26,37,42,53,52,50,40,39,46,28,16,14,21,41,33,59,571,472,,,razorfang,,,,,,,
208,208,Steelix,Steel,Ground,,362,882,44.85,43,84,47,26,24,50,45,43,51,38,24,30,48,41,33,80,664,,95,,,,10072,,,,,
208,10072,Mega Steelix,Steel,Ground,,413,1631,49.64,53,85,47,26,24,50,64,59,69,38,24,32,57,56,48,86,765,,,,,,,,,,,
209,209,Snubbull,Fairy,,Common,24,17,23.25,13,15,39,26,24,50,43,41,48,31,18,19,11,27,21,35,448,210,,20,,,,,,,,
210,210,Granbull,Fairy,,,55,107,36.93,30,49,53,33,32,50,62,57,67,40,26,29,20,38,31,49,636,,209,,,,,,,,,
211,211,Qwilfish,Water,Poison,Uncommon,20,9,31.54,22,11,42,53,52,50,50,47,56,38,24,14,27,36,28,53,581,,,,,,,,,,,
212,212,Scizor,Bug,Steel,,71,260,44.42,42,62,44,43,42,50,66,61,70,38,24,35,34,48,41,58,716,,123,,,,10046,,,,,
212,10046,Mega Scizor,Bug,Steel,,79,276,50.83,55,67,44,48,47,50,74,69,77,42,28,44,43,58,51,68,810,,,,,,,,,,,
213,213,Shuckle,Bug,Rock,Common,24,45,28.38,18,15,19,1,4,50,8,11,12,16,6,12,50,93,88,86,471,,,,,,,,,,,
214,214,Heracross,Bug,Fighting,Rare,59,119,42.01,37,53,49,53,52,50,64,59,69,31,18,34,14,56,48,49,699,,,,,,10047,,,,,
214,10047,Mega Heracross,Bug,Fighting,,67,138,48.21,50,59,49,48,47,50,88,83,89,31,18,46,29,61,53,62,813,,,,,,,,,,,
215,215,Sneasel,Dark,Ice,Uncommon,35,62,33.94,25,29,37,68,64,50,50,47,56,28,16,16,7,46,38,38,590,461,,,razorclaw,,,,,,,
216,216,Teddiursa,Normal,,Common,24,19,24.94,15,15,39,31,29,50,43,41,48,36,22,20,9,33,26,35,477,217,,20,,,,,,,,
217,217,Ursaring,Normal,,,71,277,40.13,34,62,53,38,37,50,66,61,70,45,32,26,14,46,38,49,687,,216,,,,,,,,,
218,218,Slugma,Fire,,Common,28,77,22.30,12,19,29,16,19,50,23,25,28,44,30,17,18,27,21,30,396,219,,19,,,,,,,,
219,219,Magcargo,Fire,Rock,,31,121,35.38,27,24,39,26,24,50,28,29,33,50,38,32,45,48,41,63,570,,218,,,,,,,,,
220,220,Swinub,Ice,Ground,Common,16,14,20.71,11,8,34,36,34,50,28,29,33,26,14,11,14,17,15,30,379,221,,19,,,,,,,,
221,221,Piloswine,Ice,Ground,,43,123,33.33,24,37,56,36,34,50,53,49,58,40,26,16,19,38,31,51,594,473,220,21,,,,,,,,
222,222,Corsola,Water,Rock,Common,24,11,30.16,20,15,42,28,27,50,30,31,36,42,28,19,27,56,48,56,535,,,,,,,,,,,
222,222_f2,Corsola-Galar,Ghost,,Uncommon,24,1,30.14,20,15,39,26,24,50,30,31,36,42,28,14,33,58,51,58,535,864,,21,,,,,,,,
223,223,Remoraid,Water,,Common,24,27,23.47,14,15,27,43,42,50,35,35,41,42,28,12,6,22,18,28,444,224,,19,,,,,,,,
224,224,Octillery,Water,,,35,63,35.64,28,29,47,33,32,50,55,51,61,55,44,33,19,46,38,49,642,,223,,,,,,,,,
225,225,Delibird,Ice,Flying,Common,35,35,29.13,19,29,32,48,47,50,30,31,36,42,28,13,15,31,23,33,488,,,,,,,,,,,
226,226,Mantine,Water,Flying,Rare,83,485,40.12,34,69,51,46,44,50,23,25,28,47,34,4,9,75,70,46,621,,458,,,,,,,,,
227,227,Skarmory,Steel,Flying,Rare,67,111,38.28,32,59,42,46,44,50,43,41,48,31,18,11,31,43,36,68,611,,,,,,,,,,,
228,228,Houndour,Dark,Fire,Uncommon,24,24,27.15,17,15,32,43,42,50,33,33,38,47,34,21,10,33,26,25,482,229,,21,,,,,,,,
229,229,Houndoom,Dark,Fire,,55,77,42.44,38,49,47,58,57,50,48,45,53,57,46,33,15,48,41,35,682,,228,,,,10048,,,,,
229,10048,Mega Houndoom,Dark,Fire,,75,109,50.94,55,65,47,68,64,50,48,45,53,67,58,43,23,53,46,54,784,,,,,,,,,,,
230,230,Kingdra,Water,Dragon,,71,335,45.87,45,62,47,53,52,50,50,47,56,52,40,32,25,56,48,56,726,,117,,,,,,,,,
231,231,Phanpy,Ground,,Common,20,74,25.55,16,11,53,31,29,50,33,33,38,31,18,17,22,27,21,41,455,232,,20,,,,,,,,
232,232,Donphan,Ground,,,43,265,40.11,34,37,53,36,34,50,62,57,67,40,26,34,44,38,31,63,672,,231,,,,,,,,,
233,233,Porygon2,Normal,,,24,72,38.35,32,15,51,41,39,50,43,41,48,55,44,32,37,56,48,54,654,474,137,,dubiousdisc,,,,,,,
234,234,Stantler,Normal,,Uncommon,55,157,36.70,29,49,46,53,52,50,50,47,56,49,36,13,11,41,33,42,628,,,,,,,,,,,
235,235,Smeargle,Normal,,Common,47,128,30.02,20,41,37,48,47,50,13,16,18,21,10,17,19,31,23,28,419,,,,,,,,,,,
236,236,Tyrogue,Fighting,,Uncommon,28,46,20.02,10,19,27,28,27,50,20,23,26,28,16,10,10,22,18,28,352,106 107 237,,,,,,,,,,
237,237,Hitmontop,Fighting,,Rare,55,106,40.82,35,49,34,46,44,50,50,47,56,28,16,24,34,63,56,56,653,,236,,,,,,,,,
238,238,Smoochum,Ice,Psychic,Common,16,13,23.58,14,8,32,43,42,50,18,21,23,49,36,9,4,41,33,11,420,124,,21,,,,,,,,
239,239,Elekid,Electric,,Uncommon,24,52,26.35,16,15,32,58,57,50,34,34,40,42,28,3,4,36,28,29,490,125,,20,,,,,,,,
240,240,Magby,Fire,,Uncommon,28,47,26.42,16,19,32,52,51,50,40,39,46,44,30,4,3,36,28,29,503,126,,20,,,,,,,,
241,241,Miltank,Normal,,Rare,47,166,40.33,35,41,54,61,59,50,43,41,48,31,18,16,36,43,36,59,636,,,,,,,,,,,
242,242,Blissey,Normal,,,59,103,46.38,46,53,90,38,37,50,8,11,12,45,32,15,55,74,68,6,594,,113,,,,,,,,,
243,243,Raikou,Electric,,Legendary,75,392,48.23,50,65,53,68,64,50,45,43,51,59,48,34,13,58,51,49,751,,,,,,,,,,,
244,244,Entei,Fire,,Legendary,83,437,48.22,50,69,61,61,59,50,60,55,65,50,38,26,28,46,38,53,759,,,,,,,,,,,
245,245,Suicune,Water,,Legendary,79,412,48.25,50,67,56,53,52,50,40,39,46,50,38,19,38,66,58,62,734,,,,,,,,,,,
246,246,Larvitar,Rock,Ground,Pseudo,24,159,24.54,15,15,34,31,30,50,35,34,40,33,20,16,16,33,26,35,448,247,,19,,,,,,,,
247,247,Pupitar,Rock,Ground,,47,335,35.34,27,41,44,36,35,50,45,42,50,42,28,19,29,43,36,46,586,248,246,22,,,,,,,,
248,248,Tyranitar,Rock,Dark,,79,445,47.32,48,67,56,41,40,50,68,63,72,52,40,30,31,58,51,61,780,,247,,,,10049,,,,,
248,10049,Mega Tyranitar,Rock,Dark,,98,562,53.38,58,71,56,46,45,50,80,75,82,52,40,42,37,68,61,70,875,,,,,,,,,,,
249,249,Lugia,Psychic,Flying,Mythical,205,476,55.23,60,79,58,66,63,50,48,45,53,50,38,21,39,80,75,66,831,,,,,,,,,,,
250,250,Ho-oh,Fire,Flying,Mythical,150,439,55.22,60,75,58,56,54,50,66,61,70,57,46,41,27,80,75,54,870,,,,,,,,,,,
251,251,Celebi,Psychic,Grass,Pseudo,24,11,45.75,45,15,56,61,59,50,53,49,58,54,42,35,52,58,51,58,751,,,,,,,,,,,
252,252,Treeko,Grass,,Rare,20,11,29.50,20,11,29,46,44,50,25,27,31,42,28,28,25,36,28,28,478,253,,19,,,,,,,,
253,253,Grovyle,Grass,,,35,48,36.67,29,29,34,58,57,50,35,35,41,49,36,31,22,41,33,33,584,254,252,22,,,,,,,,
254,254,Sceptile,Grass,,,67,115,47.28,48,59,44,70,66,50,45,43,51,55,44,32,25,51,43,44,722,,253,,,,10065,,,,,
254,10065,Mega Sceptile,Grass,Dragon,,75,122,52.64,57,65,44,79,74,50,58,53,63,69,60,36,27,51,43,49,821,,,,,,,,,,,
255,255,Torchic,Fire,,Rare,16,6,29.49,20,8,32,33,32,50,33,33,38,44,30,37,31,33,26,30,490,256,,19,,,,,,,,
256,256,Combusken,Fire,Fighting,,35,43,36.68,29,29,39,38,37,50,45,43,51,49,36,41,31,38,31,41,599,257,255,22,,,,,,,,
257,257,Blaziken,Fire,Fighting,,75,115,47.25,48,65,49,51,49,50,62,57,67,57,46,37,31,43,36,46,746,,256,,,,10050,,,,,
257,10050,Mega Blaziken,Fire,Fighting,,75,115,52.60,57,65,49,61,59,50,78,73,80,64,54,45,33,48,41,51,851,,,,,,,,,,,
258,258,Mudkip,Water,,Rare,16,17,29.58,20,8,34,31,29,50,38,37,43,36,22,36,36,33,26,35,494,259,,19,,,,,,,,
259,259,Marshtomp,Water,Ground,,26,62,36.69,29,19,44,36,34,50,45,43,51,40,26,40,43,43,36,46,596,260,258,22,,,,,,,,
260,260,Swampert,Water,Ground,,59,181,47.28,48,53,56,41,39,50,58,53,63,49,36,42,45,53,46,54,738,,259,,,,10064,,,,,
,10064,Mega Swampert,Water,Ground,,75,225,52.60,57,65,56,46,44,50,74,69,77,52,40,42,45,63,56,61,840,,,,,,,,,,,
261,261,Poochyena,Dark,,Common,20,30,21.55,12,11,27,28,27,50,30,31,36,26,14,21,19,17,15,28,380,262,,20,,,,,,,,
262,262,Mightyena,Dark,,,39,82,37.11,30,33,44,46,44,50,48,45,53,40,26,36,27,38,31,46,607,,261,,,,,,,,,
263,263,Zigzagoon,Normal,,Common,16,39,21.88,12,8,28,41,39,50,18,21,23,26,14,18,10,28,21,31,376,264,,19,,,,,,,,
264,264,Linoone,Normal,,,20,72,35.32,27,11,48,61,59,50,38,37,43,36,22,37,24,39,31,42,578,,263,,,,,,,,,
263,263_f2,Zigzagoon-Galar,Dark,Normal,Common,16,39,21.88,12,8,28,41,39,50,18,21,23,26,14,12,15,28,21,31,375,264_f2,,19,,,,,,,,
264,264_f2,Linoone-Galar,Dark,Normal,,20,72,35.34,27,11,48,61,59,50,38,37,43,36,22,24,35,39,31,42,576,862,263_f2,21,,,,,,,,
265,265,Wurmple,Bug,,Common,12,8,16.30,6,5,32,16,19,50,25,27,31,21,10,13,12,17,15,28,321,266 268,,18,,,,,,,,
266,266,Silcoon,Bug,,Uncommon,24,22,20.28,10,15,34,11,14,50,20,23,26,23,12,35,17,12,10,38,340,267,265,19,,,,,,,,
267,267,Beautifly,Bug,Flying,,39,63,36.12,28,33,39,43,42,50,38,37,43,54,42,36,26,33,26,35,577,,266,,,,,,,,,
268,268,Cascoon,Bug,,Uncommon,28,25,20.30,10,19,34,11,14,50,20,23,26,23,12,16,29,12,10,38,337,269,265,19,,,,,,,,
269,269,Dustox,Bug,Poison,,47,70,36.03,28,41,39,43,42,50,28,29,33,36,22,16,32,53,46,46,556,,268,,,,,,,,,
270,270,Lotad,Water,Grass,Common,20,6,22.78,13,11,29,26,24,50,18,21,23,31,18,18,23,33,26,25,376,271,,19,,,,,,,,
271,271,Lombre,Water,Grass,Uncommon,47,72,33.19,24,41,39,36,34,50,28,29,33,40,26,20,25,43,36,35,515,272,270,,waterstone,,,,,,,
272,272,Ludicolo,Water,Grass,,59,121,42.42,38,53,49,46,44,50,38,37,43,50,38,23,31,58,51,46,657,,271,,,,,,,,,
273,273,Seedot,Grass,,Common,20,9,22.76,13,11,29,26,24,50,23,25,28,26,14,31,22,17,15,35,376,274,,19,,,,,,,,
274,274,Nuzleaf,Grass,Dark,Uncommon,39,62,33.22,24,33,44,41,39,50,38,37,43,40,26,33,23,27,21,30,525,275,273,,leafstone,,,,,,,
275,275,Shiftry,Grass,Dark,,51,131,42.43,38,45,53,51,49,50,53,49,58,50,38,42,26,38,31,41,674,,274,,,,,,,,,
276,276,Taillow,Normal,Flying,Common,12,5,23.32,13,5,29,53,52,50,30,31,36,26,14,15,13,17,15,25,411,277,,20,,,,,,,,
277,277,Swellow,Normal,Flying,,28,44,38.29,32,19,39,72,68,50,45,43,51,45,32,36,25,33,26,41,625,,276,,,,,,,,,
278,278,Wingull,Water,Flying,Common,24,21,23.91,14,15,29,53,52,50,18,21,23,38,24,10,10,17,15,25,400,279,,20,,,,,,,,
279,279,Pelipper,Water,Flying,,47,62,38.29,32,41,39,43,42,50,28,29,33,52,40,23,38,43,36,58,595,,278,,,,,,,,,
280,280,Ralts,Psychic,Fairy,Uncommon,16,15,22.90,13,8,23,31,29,50,15,18,21,33,20,20,30,22,18,21,359,281,,19,,,,,,,,
281,281,Kirlia,Psychic,Fairy,,31,45,30.07,20,24,28,36,34,50,20,23,26,42,28,23,33,36,28,28,459,282 475,280,21,dawnstone,,,,,,,
282,282,Gardevoir,Psychic,Fairy,,63,107,43.96,41,56,43,51,49,50,35,35,41,62,52,15,30,66,58,44,687,,281,,,,10051,,,,,
282,10051,Mega Gardevoir,Psychic,Fairy,,63,107,51.14,55,56,43,61,59,50,45,43,51,75,68,23,39,74,68,44,799,,,,,,,,,,,
283,283,Surskit,Bug,Water,Common,20,4,23.21,13,11,29,43,42,50,18,21,23,36,22,7,13,34,27,26,402,284,,19,,,,,,,,
284,284,Masquerain,Bug,Flying,,31,8,35.57,28,24,44,51,49,50,33,33,38,54,42,13,29,49,42,42,593,,283,,,,,,,,,
285,285,Shroomish,Grass,,Common,16,10,24.68,15,8,39,28,27,50,23,25,28,31,18,18,24,38,31,41,429,286,,20,,,,,,,,
286,286,Breloom,Grass,Fighting,,47,86,40.16,34,41,39,46,44,50,66,61,70,40,26,43,28,38,31,51,674,,285,,,,,,,,,
287,287,Slakoth,Normal,,Uncommon,31,53,21.93,12,24,39,26,24,50,33,33,38,28,16,7,11,22,18,41,410,288,,19,,,,,,,,
288,288,Vigoroth,Normal,,,55,103,33.25,24,49,49,56,54,50,43,41,48,38,24,7,2,36,28,51,576,289,287,21,,,,,,,,
289,289,Slaking,Normal,,,79,288,44.06,41,67,68,61,59,50,78,73,80,52,40,12,8,41,33,58,780,,288,,,,,,,,,
290,290,Nincada,Bug,Ground,Common,20,12,21.58,12,11,25,31,29,50,25,27,31,26,14,19,19,17,15,54,393,291 292,,20,,,,,,,,
291,291,Ninjask,Bug,Flying,,31,27,40.13,34,24,40,81,79,50,48,45,53,36,22,40,22,33,26,33,632,,290,,,,,,,,,
292,292,Shedinja,Bug,Ghost,,31,3,36.09,28,24,1,31,29,50,48,45,53,26,14,59,69,17,15,33,514,,290,,,,,,,,,
293,293,Whismur,Normal,,Common,24,36,21.58,12,15,41,24,23,50,28,29,34,36,23,17,18,10,8,19,375,294,,19,,,,,,,,
294,294,Loudred,Normal,,,39,89,31.59,22,33,51,35,33,50,38,37,44,44,31,23,20,30,22,32,523,295,293,21,,,,,,,,
295,295,Exploud,Normal,,,59,185,42.10,37,53,57,45,43,50,48,45,54,51,39,32,25,45,37,43,667,,294,,,,,,,,,
296,296,Makuhita,Fighting,,Common,39,191,22.04,12,33,45,21,22,50,33,33,38,21,10,10,9,17,15,25,382,297,,20,,,,,,,,
297,297,Hariyama,Fighting,,,91,560,39.48,33,70,67,36,34,50,62,57,67,31,18,17,20,38,31,41,639,,296,,,,,,,,,
298,298,Azurill,Normal,Fairy,Common,8,4,16.34,6,3,34,16,19,50,13,16,18,21,10,15,10,27,21,30,303,183,,18,,,,,,,,
299,299,Nosepass,Rock,,Common,39,214,24.32,14,33,34,16,19,50,13,16,18,21,10,14,31,27,21,30,353,476,,,thunderstone,,,,,,,
300,300,Skitty,Normal,,Common,24,24,20.88,11,15,34,36,34,50,25,27,31,28,16,7,8,22,18,33,384,301,,,moonstone,,,,,,,
301,301,Delcatty,Normal,,,43,72,36.04,28,37,44,56,54,50,35,35,41,38,24,19,27,36,28,44,568,,300,,,,,,,,,
302,302,Sableye,Dark,Ghost,Uncommon,20,24,33.98,25,11,34,36,34,50,40,39,46,42,28,32,48,41,33,49,563,,,,,,10066,,,,,
302,10066,Mega Sableye,Dark,Ghost,,20,355,43.28,40,11,34,16,19,50,45,43,51,49,36,69,70,66,58,64,681,,,,,,,,,,,
303,303,Mawile,Steel,Fairy,Uncommon,24,25,33.93,25,15,34,36,34,50,45,43,51,38,24,41,40,36,28,53,568,,,,,,10052,,,,,
303,10052,Mega Mawile,Steel,Fairy,,39,52,43.28,40,33,34,36,34,50,55,51,61,38,24,57,48,56,48,64,689,,,,,,,,,,,
304,304,Aron,Steel,Rock,Common,16,132,21.05,11,8,34,26,24,50,38,37,43,31,18,7,17,27,21,58,439,305,,18,,,,,,,,
305,305,Lairon,Steel,Rock,,35,265,29.33,19,29,39,31,29,50,48,45,53,36,22,9,28,33,26,68,546,306,304,21,,,,,,,,
306,306,Aggron,Steel,Rock,,83,794,42.61,38,69,44,36,34,50,58,53,63,40,26,23,42,38,31,76,683,,305,,,,10053,,,,,
306,10053,Mega Aggron,Steel,,,87,871,47.90,50,70,44,36,34,50,70,65,74,40,26,32,54,48,41,86,770,,,,,,,,,,,
307,307,Meditite,Fighting,Psychic,Common,24,25,25.87,16,15,24,41,39,50,23,25,28,31,18,24,15,36,28,38,435,308,,20,,,,,,,,
308,308,Medicham,Fighting,Psychic,,51,69,38.25,32,45,39,51,49,50,33,33,38,40,26,33,21,46,38,49,591,,307,,,,10054,,,,,
308,10054,Mega Medicham,Fighting,Psychic,,51,69,45.66,45,45,39,61,59,50,53,49,58,47,34,48,29,51,43,53,719,,,,,,,,,,,
309,309,Electrike,Electric,,Uncommon,24,34,25.35,15,15,29,43,42,50,25,27,31,42,28,17,13,27,21,30,440,310,,20,,,,,,,,
310,310,Manectric,Electric,,,59,89,40.87,35,53,44,63,61,50,40,39,46,55,44,25,15,38,31,41,645,,309,,,,10055,,,,,
310,10055,Mega Manectric,Electric,,,71,97,48.22,50,62,44,75,71,50,40,39,46,65,56,35,17,48,41,51,740,,,,,,,,,,,
311,311,Plusle,Electric,,Common,16,9,30.00,20,8,39,58,57,50,28,29,33,49,36,15,11,46,38,30,527,,,,,,,,,,,
312,312,Minun,Electric,,Common,16,9,30.01,20,8,39,58,57,50,23,25,28,45,32,10,15,51,43,35,519,,,,,,,,,,,
313,313,Volbeat,Bug,,Common,28,39,30.35,20,19,42,53,52,50,39,38,45,34,21,9,10,51,43,49,555,,,,,,,,,,,
314,314,Illumise,Bug,,Common,24,39,30.36,20,15,42,53,52,50,26,27,32,45,31,12,11,51,43,49,539,,,,,,,,,,,
315,315,Roselia,Grass,Poison,Rare,12,4,31.68,22,5,34,43,42,50,33,33,38,54,42,24,29,48,41,33,549,407,406,,shinystone,,,,,,,
316,316,Gulpin,Poison,,Common,16,23,24.82,15,8,44,31,29,50,24,26,30,32,19,16,23,35,27,37,431,317,,20,,,,,,,,
317,317,Swalot,Poison,,,67,176,40.12,34,59,56,38,37,50,39,38,45,45,31,19,28,50,42,52,629,,316,,,,,,,,,
318,318,Carvanha,Water,Dark,Uncommon,31,46,27.73,18,24,32,43,42,50,48,45,53,42,28,28,15,7,5,16,478,319,,21,,,,,,,,
319,319,Sharpedo,Water,Dark,,71,196,43.76,41,62,44,58,57,50,62,57,67,52,40,35,24,27,21,30,686,,318,,,,10070,,,,,
319,10070,Mega Sharpedo,Water,Dark,,98,287,50.80,55,71,44,63,61,50,70,65,74,57,46,46,28,41,33,46,795,,,,,,,,,,,
320,320,Wailmer,Water,,Pseudo,79,287,33.16,24,67,64,41,39,50,38,37,43,44,30,3,5,22,18,28,529,321,,21,,,,,,,,
321,321,Wailord,Water,,,571,877,44.94,43,89,73,41,39,50,48,45,53,50,38,18,27,31,23,33,658,,320,,,,,,,,,
322,322,Numel,Fire,Ground,Common,26,53,25.21,15,19,39,28,27,50,33,33,38,42,28,18,14,31,23,30,453,323,,20,,,,,,,,
323,323,Camerupt,Fire,Ground,,75,485,40.21,34,65,44,31,29,50,53,49,58,55,44,28,21,46,38,46,657,,322,,,,10087,,,,,
323,10087,Mega Camerupt,Fire,Ground,,98,707,47.29,48,71,44,16,19,50,62,57,67,69,60,42,39,61,53,58,768,,,,,,,,,,,
324,324,Torkoal,Fire,,Uncommon,20,177,32.61,23,11,44,16,19,50,45,43,51,49,36,21,55,43,36,68,587,,,,,,,,,,,
325,325,Spoink,Psychic,,Common,26,68,25.82,16,19,39,41,39,50,15,18,21,44,30,6,6,48,41,28,445,326,,19,,,,,,,,
326,326,Grumpig,Psychic,,,35,158,36.08,28,29,49,51,49,50,25,27,31,50,38,15,17,63,56,44,594,,325,,,,,,,,,
327,327,Spinda,Normal,,Common,43,11,29.76,20,37,39,41,39,50,33,33,38,40,26,10,12,38,31,41,508,,,,,,,,,,,
328,328,Trapinch,Ground,,Uncommon,28,33,20.51,11,19,32,6,9,50,53,49,58,33,20,14,11,31,23,33,441,329,,19,,,,,,,,
329,329,Vibrava,Ground,Dragon,,43,34,30.48,21,37,34,46,44,50,38,37,43,36,22,16,13,33,26,35,510,330,328,21,,,,,,,,
330,330,Flygon,Ground,Dragon,,79,181,43.99,41,67,49,61,59,50,53,49,58,47,34,20,17,48,41,51,704,,329,,,,,,,,,
331,331,Cacnea,Grass,,Common,16,113,23.67,14,8,34,28,27,50,45,43,51,49,36,15,14,27,21,30,478,332,,19,,,,,,,,
332,332,Cacturne,Grass,Dark,,51,171,36.69,29,45,44,38,37,50,60,55,65,59,48,20,19,38,31,41,650,,331,,,,,,,,,
333,333,Swablu,Normal,Flying,Uncommon,16,3,26.33,16,8,32,36,34,50,23,25,28,31,18,20,22,46,38,41,452,334,,21,,,,,,,,
334,334,Altaria,Dragon,Flying,,43,45,43.17,40,37,47,51,49,50,38,37,43,44,30,30,43,61,53,54,667,,333,,,,10067,,,,,
334,10067,Mega Altaria,Dragon,Fairy,,59,45,50.47,55,53,47,51,49,50,58,53,63,57,46,40,49,61,53,61,791,,,,,,,,,,,
335,335,Zangoose,Normal,,Uncommon,51,89,36.02,28,45,46,56,54,50,60,55,65,40,26,16,9,38,31,41,632,,,,,,,,,,,
336,336,Seviper,Poison,,Uncommon,106,116,36.03,28,71,46,43,42,50,53,49,58,54,42,2,3,38,31,41,623,,,,,,,,,,,
337,337,Lunatone,Rock,Psychic,Uncommon,39,370,33.36,24,33,53,46,44,50,30,31,36,52,40,8,12,51,43,44,573,,,,,,,,,,,
338,338,Solrock,Rock,Psychic,Uncommon,47,340,33.35,24,41,53,46,44,50,50,47,56,38,24,13,8,41,33,53,597,,,,,,,,,,,
339,339,Barboach,Water,Ground,Common,16,4,24.80,15,8,34,41,39,50,27,28,32,34,21,21,16,28,21,32,432,340,,19,,,,,,,,
340,340,Whiscash,Water,Ground,,35,52,36.75,29,29,59,41,39,50,42,40,47,46,33,29,27,44,36,48,610,,339,,,,,,,,,
341,341,Corphish,Water,,Common,24,25,23.96,14,15,31,28,27,50,43,41,48,36,22,24,13,22,18,44,462,342,,19,,,,,,,,
342,342,Crawdaunt,Water,Dark,,43,72,36.62,29,37,41,38,37,50,62,57,67,50,38,35,21,36,28,53,650,,341,,,,,,,,,
343,343,Baltoy,Ground,Psychic,Uncommon,20,47,25.13,15,11,29,38,37,50,23,25,28,31,18,11,20,43,36,38,438,344,,21,,,,,,,,
344,344,Claydol,Ground,Psychic,,59,238,42.05,37,53,39,48,47,50,38,37,43,44,30,13,35,68,61,59,665,,343,,,,,,,,,
345,345,Lileep,Rock,Grass,Common,39,53,27.74,18,33,42,19,21,50,23,25,29,41,27,6,20,52,44,50,482,346,,20,,,,,,,,
346,346,Cradily,Rock,Grass,,59,133,40.21,34,53,51,32,31,50,43,41,49,47,35,14,35,62,54,57,654,,345,,,,,,,,,
347,347,Anorith,Rock,Bug,Common,28,28,27.72,18,19,32,48,47,50,50,47,56,31,18,17,9,33,26,35,518,348,,20,,,,,,,,
348,348,Armaldo,Rock,Bug,,59,150,40.21,34,53,47,33,32,50,64,59,69,44,30,44,16,48,41,58,688,,347,,,,,,,,,
349,349,Feebas,Water,,Pseudo,24,16,21.41,11,15,19,51,49,50,10,13,16,16,6,6,6,36,28,16,337,350,,,prismscale,,,,,,,
350,350,Milotic,Water,,,244,357,47.26,48,81,54,51,50,50,33,33,38,54,42,8,28,70,63,51,706,,349,,,,,,,,,
351,351,Castform,Normal,,Common,12,2,29.80,20,5,44,46,44,50,38,37,43,44,30,20,20,43,36,46,546,,,,,,,,,10013 10014 10015,heatrock damprock icyrock,
351,10013,Castform (Sunny Form),Fire,,,12,2,29.80,20,5,44,46,44,50,38,37,43,44,30,20,20,43,36,46,546,,,,,,,,,10014 10015,damprock icyrock,
351,10014,Castform (Rainy Form),Water,,,12,2,29.80,20,5,44,46,44,50,38,37,43,44,30,20,20,43,36,46,546,,,,,,,,,10013 10015,heatrock icyrock,
351,10015,Castform (Snowy Form),Ice,,,12,2,29.80,20,5,44,46,44,50,38,37,43,44,30,20,20,43,36,46,546,,,,,,,,,10013 10014,heatrock damprock,
352,352,Kecleon,Normal,,Uncommon,39,49,33.65,25,33,39,31,29,50,48,45,53,40,26,16,18,68,61,46,603,,,,,,,,,,,
353,353,Shuppet,Ghost,,Common,24,5,24.73,15,15,31,33,32,50,40,39,46,41,27,19,17,20,17,28,455,354,,20,,,,,,,,
354,354,Banette,Ghost,,,43,28,39.41,33,37,41,43,42,50,60,55,65,48,35,36,32,40,32,44,660,,353,,,,10056,,,,,
354,10056,Mega Banette,Ghost,,,47,29,45.66,45,41,41,48,47,50,80,75,82,51,39,45,37,50,42,49,777,,,,,,,,,,,
355,355,Duskull,Ghost,,Uncommon,31,33,24.73,15,24,19,21,22,50,23,25,28,26,14,12,20,53,46,54,437,356,,,,,,,,,,
356,356,Dusclops,Ghost,,,63,68,37.04,30,56,29,21,22,50,38,37,43,40,26,16,30,72,66,66,612,477,355,,reapercloth,,,,,,,
357,357,Tropius,Grass,Flying,Rare,79,221,39.54,33,67,56,36,35,50,37,36,42,44,31,13,23,52,44,52,618,,,,,,,,,,,
358,358,Chimecho,Psychic,,Uncommon,24,2,32.20,23,15,47,43,42,50,28,29,33,52,40,13,23,53,46,51,565,,433,,,,,,,,,
359,359,Absol,Dark,,Rare,47,104,38.84,32,41,42,48,47,50,66,61,70,45,32,35,20,38,31,41,667,,,,,,10057,,,,,
359,10057,Mega Absol,Dark,,,47,108,48.32,50,41,42,68,64,50,74,69,77,59,48,44,40,38,31,41,786,,,,,,,,,,,
360,360,Wynaut,Psychic,,Common,24,31,22.82,13,15,54,19,21,50,14,17,20,22,11,7,28,32,25,34,369,202,,19,,,,,,,,
361,361,Snorunt,Ice,,Uncommon,28,37,24.34,14,19,34,36,34,50,28,29,33,36,22,11,11,33,26,35,437,362 478,,20,dawnstone,,,,,,,
362,362,Glalie,Ice,,,59,566,40.39,35,53,49,51,49,50,43,41,48,47,34,21,22,48,41,51,648,,361,,,,10074,,,,,
362,10074,Mega Glalie,Ice,,,83,772,48.24,50,69,49,61,59,50,62,57,67,60,50,24,27,48,41,51,775,,,,,,,,,,,
363,363,Spheal,Ice,Water,Common,31,87,22.52,13,24,44,21,22,50,23,25,28,38,24,6,10,33,26,35,409,364,,19,,,,,,,,
364,364,Sealeo,Ice,Water,,43,193,31.60,22,37,53,33,32,50,33,33,38,45,32,10,18,43,36,46,539,365,363,21,,,,,,,,
365,365,Walrein,Ice,Water,,55,332,41.08,36,49,59,43,42,50,43,41,48,52,40,16,31,53,46,54,667,,364,,,,,,,,,
366,366,Clamperl,Water,,Common,16,116,22.15,12,8,27,27,25,50,35,34,40,45,32,11,11,36,28,53,462,367 368,,,deepseatooth deepseascale,,,,,,,
367,367,Huntail,Water,,,67,60,38.78,32,59,37,37,35,50,55,50,60,52,40,25,18,46,38,59,661,,366,,,,,,,,,
368,368,Gorebyss,Water,,,71,50,38.76,32,62,37,37,35,50,45,42,50,58,48,23,16,46,38,59,646,,366,,,,,,,,,
369,369,Relicanth,Water,Rock,Uncommon,39,52,34.70,26,33,56,38,37,50,48,45,53,33,20,15,32,41,33,66,600,,,,,,,,,,,
370,370,Luvdisc,Water,,Common,24,19,28.30,18,15,31,59,58,50,18,21,23,31,18,13,14,41,33,38,463,,,,,,,,,,,
371,371,Bagon,Dragon,,Pseudo,24,93,23.51,14,15,32,36,34,50,40,39,46,31,18,15,15,17,15,41,444,372,,19,,,,,,,,
372,372,Shelgon,Dragon,,,43,244,32.00,23,37,42,36,34,50,50,47,56,40,26,18,20,33,26,58,573,373,371,22,,,,,,,,
373,373,Salamence,Dragon,Flying,,59,226,47.37,48,53,54,61,59,50,68,63,72,57,46,37,24,48,41,51,784,,372,,,,10089,,,,,
373,10089,Mega Salamence,Dragon,Flying,,71,248,53.15,58,62,54,70,66,50,72,67,75,60,50,43,29,53,46,66,863,,,,,,,,,,,
374,374,Beldum,Steel,Psychic,Pseudo,24,210,22.87,13,15,29,26,24,50,30,31,36,28,16,13,15,38,31,51,433,375,,19,,,,,,,,
375,375,Metang,Steel,Psychic,,47,446,33.23,24,41,39,36,34,50,40,39,46,38,24,16,20,48,41,58,570,376,374,22,,,,,,,,
376,376,Metagross,Steel,Psychic,,63,1213,47.29,48,56,49,46,44,50,68,63,72,52,40,39,36,53,46,66,780,,375,,,,10076,,,,,
,10076,Mega Metagross,Steel,Psychic,,63,1213,53.18,58,56,49,66,63,50,72,67,75,55,44,44,36,63,56,70,866,,,,,,,,,,,
377,377,Regirock,Rock,,Legendary,67,507,48.20,50,59,49,36,34,50,53,49,58,36,22,53,48,58,51,80,736,,,,,,,,,,,
378,378,Regice,Ice,,Legendary,71,386,48.23,50,62,49,36,34,50,28,29,33,54,42,35,35,90,85,58,720,,,,,,,,,,,
379,379,Registeel,Steel,,Legendary,75,452,48.20,50,65,49,36,34,50,40,39,46,45,32,34,41,79,74,70,734,,,,,,,,,,,
380,380,Latias,Dragon,Psychic,Legendary,55,88,49.49,53,49,49,66,63,50,43,41,48,57,46,20,43,72,66,54,767,,,,,,10062,,,,,
380,10062,Mega Latias,Dragon,Psychic,,71,115,55.25,60,62,49,66,63,50,53,49,58,67,58,24,47,79,74,63,862,,,,,,,,,,,
381,381,Latios,Dragon,Psychic,Legendary,79,132,49.50,53,67,49,66,63,50,48,45,53,64,54,28,20,63,56,51,777,,,,,,10063,,,,,
381,10063,Mega Latios,Dragon,Psychic,,91,154,55.26,60,70,49,66,63,50,66,61,70,74,66,38,28,68,61,58,888,,,,,,,,,,,
382,382,Kyogre,Water,,Mythical,177,776,55.23,60,77,56,56,54,50,53,49,58,70,62,26,39,75,70,54,849,,,,,,10077,,,,,
382,10077,Primal Kyogre,Water,,,386,948,60.10,66,84,56,56,54,50,74,69,77,80,74,29,41,82,77,54,957,,,,,,,,,,,
383,383,Groudon,Ground,,Mythical,138,2094,55.25,60,74,56,56,54,50,74,69,77,54,42,55,37,53,46,68,865,,,,,,10078,,,,,
383,10078,Primal Groudon,Ground,Fire,,197,2204,60.12,66,79,56,56,54,50,86,81,87,70,62,62,42,53,46,72,956,,,,,,,,,,,
384,384,Rayquaza,Dragon,Flying,Mythical,276,455,55.23,60,82,58,58,57,50,74,69,77,70,62,36,32,53,46,54,878,,,,,,10079,,,,,
384,10079,Mega Rayquaza,Dragon,Flying,,425,864,60.16,66,85,58,68,64,50,86,81,87,80,74,39,33,58,51,58,972,,,,,,,,,,,
385,385,Jirachi,Steel,Psychic,Pseudo,12,2,45.76,45,5,56,61,59,50,53,49,58,54,42,47,52,58,51,58,753,,,,,,,,,,,
386,386,Deoxys (Normal Forme),Psychic,,Mythical,67,134,50.88,55,59,34,80,76,50,74,69,77,70,62,32,36,33,26,35,813,,,,,,,,,10001 10002 10003,auroraticket,
386,10001,Deoxys (Attack Forme),Psychic,,,,,50.88,55,59,34,80,76,50,86,81,87,80,74,47,32,7,5,16,814,,,,,,,,,386 10002 10003,auroraticket,
386,10002,Deoxys (Defense Forme),Psychic,,,,,50.84,55,59,34,56,54,50,38,37,43,44,30,25,56,82,77,72,757,,,,,,,,,386 10001 10003,auroraticket,
386,10003,Deoxys (Speed Forme),Psychic,,,,,50.89,55,59,34,83,86,50,50,47,56,52,40,33,33,53,46,54,776,,,,,,,,,386 10001 10002,auroraticket,
387,387,Turtwig,Grass,,Rare,16,23,29.50,20,8,37,26,25,50,37,36,42,33,20,34,40,36,28,43,495,388,,19,,,,,,,,
388,388,Grotle,Grass,,,43,214,36.69,29,37,47,29,27,50,47,44,53,38,24,33,39,41,33,53,595,389,387,22,,,,,,,,
389,389,Torterra,Grass,Ground,,87,683,47.21,48,70,54,39,37,50,57,52,63,45,32,32,43,51,43,59,727,,388,,,,,,,,,
390,390,Chimchar,Fire,,Rare,20,14,29.57,20,11,31,41,40,50,32,32,37,40,25,35,27,30,23,32,486,391,,19,,,,,,,,
391,391,Monferno,Fire,Fighting,,35,49,36.65,29,29,41,51,50,50,42,40,47,46,33,36,26,34,27,36,588,392,390,22,,,,,,,,
392,392,Infernape,Fire,Fighting,,47,121,47.27,48,41,47,65,62,50,55,50,60,55,44,47,36,44,36,47,739,,391,,,,,,,,,
393,393,Piplup,Water,,Rare,16,12,29.54,20,8,36,31,29,50,28,29,34,41,27,35,34,36,29,37,484,394,,19,,,,,,,,
394,394,Prinplup,Water,,,31,51,36.67,29,24,41,36,34,50,36,35,41,47,35,40,36,46,39,45,585,395,393,22,,,,,,,,
395,395,Empoleon,Water,Steel,,67,186,47.28,48,59,51,41,39,50,46,43,51,57,47,42,36,59,51,54,726,,394,,,,,,,,,
396,396,Starly,Normal,Flying,Common,12,4,22.30,12,5,29,41,39,50,30,31,36,26,14,21,15,17,15,25,394,397,,19,,,,,,,,
397,397,Staravia,Normal,Flying,Uncommon,24,34,30.01,20,15,37,51,49,50,40,39,46,31,18,31,18,27,21,35,508,398,396,21,,,,,,,,
398,398,Staraptor,Normal,Flying,,47,55,42.09,37,41,51,61,59,50,62,57,67,36,22,39,25,38,31,46,685,,397,,,,,,,,,
399,399,Bidoof,Normal,,Common,20,44,20.99,11,11,39,26,25,50,25,27,31,28,16,13,13,27,21,30,382,400,,20,,,,,,,,
400,400,Bibarel,Normal,Water,,39,69,37.41,30,33,49,46,45,50,45,43,51,38,24,34,30,38,31,41,598,,399,,,,,,,,,
401,401,Kricketot,Bug,,Common,12,5,19.46,10,5,28,21,22,50,15,18,21,23,12,19,20,28,21,31,334,402,,19,,,,,,,,
402,402,Kricketune,Bug,,,39,56,35.15,27,33,48,43,42,50,45,43,51,38,24,26,30,34,26,36,569,,401,,,,,,,,,
403,403,Shinx,Electric,,Common,20,21,24.85,15,11,32,33,32,50,35,35,41,31,18,25,22,21,18,27,431,404,,19,,,,,,,,
404,404,Luxio,Electric,,,35,67,32.92,24,29,39,41,39,50,45,43,51,40,26,28,25,33,25,35,549,405,403,21,,,,,,,,
405,405,Luxray,Electric,,,55,93,43.07,39,49,49,46,44,50,62,57,67,52,40,34,28,48,40,51,717,,404,,,,,,,,,
406,406,Budew,Grass,Poison,Uncommon,8,3,24.14,14,3,29,38,37,50,18,21,23,36,22,17,17,43,36,28,418,315,,,luckyegg,,,,,,,
407,407,Roserade,Grass,Poison,,35,32,44.04,41,29,39,56,54,50,38,37,43,62,52,34,41,61,53,44,693,,315,,,,,,,,,
408,408,Cranidos,Rock,,Common,35,69,28.44,18,29,43,40,38,50,64,59,69,26,14,23,10,17,15,30,527,409,,20,,,,,,,,
409,409,Rampardos,Rock,,,63,226,40.29,35,56,55,40,38,50,80,75,82,42,28,38,15,33,26,41,699,,408,,,,,,,,,
410,410,Shieldon,Rock,Steel,Common,20,126,28.40,18,11,24,26,24,50,24,25,29,32,19,15,44,52,45,63,483,411,,20,,,,,,,,
411,411,Bastiodon,Rock,Steel,,51,330,40.27,35,45,39,26,24,50,29,29,34,34,21,18,53,75,70,74,621,,410,,,,,,,,,
412,412,Burmy,Bug,,Common,8,8,20.91,11,3,29,29,27,50,17,20,23,25,14,19,19,31,23,33,362,413 10004 10005 414,,19,,,,,,,,
413,413,Wormadam (Plant Cloak),Bug,Grass,Uncommon,20,14,33.46,25,11,39,29,27,50,32,32,38,47,34,24,41,61,53,53,571,,412,,,,,,,,,
413,10004,Wormadam (Sandy Cloak),Bug,Ground,Uncommon,20,14,33.44,25,11,39,29,27,50,42,40,48,40,26,38,37,51,43,59,580,,412,,,,,,,,,
413,10005,Wormadam (Trash Cloak),Bug,Steel,Uncommon,20,14,33.50,25,11,39,29,27,50,37,36,43,43,30,35,36,56,48,56,576,,412,,,,,,,,,
414,414,Mothim,Bug,Flying,Uncommon,35,51,33.59,25,29,44,44,42,50,50,46,55,52,40,25,17,33,26,35,588,,412,,,,,,,,,
415,415,Combee,Bug,Flying,Common,12,12,23.86,14,5,24,46,44,50,18,21,23,26,14,17,22,29,22,31,392,416,,20,,,,,,,,
416,416,Vespiquen,Bug,Flying,,47,85,38.16,31,41,44,31,29,50,43,41,48,47,34,24,33,59,52,58,634,,415,,,,,,,,,
417,417,Pachirisu,Electric,,Common,16,9,30.00,20,8,39,58,57,50,25,27,31,33,20,12,16,53,46,46,521,,,,,,,,,,,
418,418,Buizel,Water,,Common,28,65,26.29,16,19,37,53,52,50,35,35,41,40,26,12,8,17,15,28,468,419,,20,,,,,,,,
419,419,Floatzel,Water,,,43,74,40.92,35,37,51,68,64,50,55,51,61,49,36,32,20,33,26,38,671,,418,,,,,,,,,
420,420,Cherubi,Grass,,Common,16,7,22.55,13,8,32,28,27,50,20,23,26,41,27,16,15,35,27,33,408,421,,19,,,,,,,,
421,421,Cherrim,Grass,,,20,21,34.03,25,11,44,53,52,50,33,33,38,49,37,27,22,47,40,46,582,,420,,,,,,,,,
422,422,Shellos,Water,,Uncommon,12,14,27.75,18,5,47,28,26,50,27,28,32,39,25,22,34,39,32,34,468,423,,20,,,,,,,,
423,423,Gastrodon,Water,Ground,,35,66,40.37,35,29,60,30,29,50,44,42,50,51,39,35,48,49,42,45,643,,422,,,,,,,,,
424,424,Ambipom,Normal,,,47,45,43.55,40,41,47,68,64,50,53,49,58,40,26,38,29,41,34,44,682,,190,,,,,,,,,
425,425,Drifloon,Ghost,Flying,Uncommon,16,3,28.40,18,8,53,46,44,50,28,29,33,40,26,11,28,30,23,27,476,426,,21,,,,,,,,
426,426,Drifblim,Ghost,Flying,,47,33,42.54,38,41,68,51,49,50,43,41,48,50,38,19,49,35,28,32,642,,425,,,,,,,,,
427,427,Buneary,Normal,,Common,16,12,26.82,17,8,37,53,52,50,36,35,41,33,20,14,11,36,29,32,487,428,,20,,,,,,,,
428,428,Lopunny,Normal,,,47,73,40.20,34,41,42,63,61,50,41,39,46,38,24,28,17,56,49,52,647,,427,,,,10088,,,,,
428,10088,Mega Lopunny,Normal,Fighting,,51,62,47.38,48,45,42,75,71,50,69,64,72,38,24,44,22,56,49,56,777,,,,,,,,,,,
429,429,Mismagius,Ghost,,,35,10,43.56,40,29,39,63,61,50,33,33,38,55,44,38,33,61,53,41,671,,200,,,,,,,,,
430,430,Honchkrow,Dark,Flying,,35,60,42.36,38,29,56,46,45,50,64,59,69,55,44,45,39,34,27,36,698,,198,,,,,,,,,
431,431,Glameow,Normal,,Common,20,9,25.67,16,11,34,53,52,50,30,31,36,32,19,14,13,24,19,31,449,432,,20,,,,,,,,
432,432,Purugly,Normal,,,39,97,39.21,33,33,45,67,63,50,44,41,49,42,28,27,26,38,30,43,626,,431,,,,,,,,,
433,433,Chingling,Psychic,,Common,8,1,20.82,11,3,32,33,32,50,18,21,23,42,28,10,10,33,26,35,396,358,,,luckyegg,,,,,,,
434,434,Stunky,Poison,Dark,Common,16,42,26.85,17,8,41,48,46,50,34,34,40,31,19,20,17,28,21,34,471,435,,20,,,,,,,,
435,435,Skuntank,Poison,Dark,,39,84,39.84,34,33,57,53,51,50,49,46,55,44,31,31,31,39,31,45,646,,434,,,,,,,,,
436,436,Bronzor,Steel,Psychic,Common,20,133,22.97,13,11,38,19,21,50,15,18,20,23,12,11,21,51,44,53,407,437,,20,,,,,,,,
437,437,Bronzong,Steel,Psychic,,51,412,39.89,34,45,43,27,26,50,47,44,53,47,34,16,44,66,59,62,663,,436,,,,,,,,,
438,438,Bonsly,Rock,,Common,20,33,19.55,10,11,34,6,9,50,43,41,48,16,6,11,24,31,23,56,409,185,,19,,,,,,,,
439,439,Mime Jr.,Psychic,Fairy,Uncommon,24,29,25.88,16,15,19,41,39,50,15,18,21,44,30,12,11,53,46,33,447,122 122_f2,,21,icestone,,,,,,,
440,440,Happiny,Normal,,Uncommon,24,54,25.28,15,15,56,26,24,50,5,7,7,18,8,10,35,41,33,1,336,113,,,ovalstone,,,,,,,
441,441,Chatot,Normal,Flying,Uncommon,20,4,32.07,23,11,47,56,55,50,35,35,41,51,39,24,20,29,22,33,548,,,,,,,,,,,
442,442,Spiritomb,Ghost,Dark,Uncommon,39,238,36.26,29,33,34,28,27,50,49,45,54,51,39,24,30,62,55,60,641,,,,,,,,,,,
443,443,Gible,Dragon,Ground,Pseudo,28,45,24.48,15,19,38,32,30,50,38,37,43,31,18,17,10,31,23,33,450,444,,19,,,,,,,,
444,444,Gabite,Dragon,Ground,,55,124,35.72,28,49,43,52,50,50,48,45,53,36,22,22,12,36,28,44,590,445,443,22,,,,,,,,
445,445,Garchomp,Dragon,Ground,,75,209,47.29,48,65,59,62,60,50,66,61,70,47,34,33,16,51,43,56,773,,444,,,,10058,,,,,
445,10058,Mega Garchomp,Dragon,Ground,,75,209,53.49,58,65,59,57,55,50,82,77,84,60,50,50,28,56,48,62,883,,,,,,,,,,,
446,446,Munchlax,Normal,,Rare,24,232,25.18,15,15,65,1,4,50,45,43,51,31,18,12,24,51,43,30,483,143,,,soothebell,,,,,,,
447,447,Riolu,Fighting,,Rare,28,45,25.85,16,19,29,41,39,50,38,37,43,28,16,25,10,27,21,30,453,448,,,soothebell,,,,,,,
448,448,Lucario,Fighting,Steel,,37,119,43.92,41,29,44,56,54,50,58,53,63,59,48,46,36,43,36,46,721,,447,,,,10059,,,,,
448,10059,Mega Lucario,Fighting,Steel,,51,127,51.13,55,45,44,67,63,50,72,67,75,67,58,51,39,43,36,54,831,,,,,,,,,,,
449,449,Hippopotas,Ground,,Uncommon,31,109,27.79,18,24,43,27,25,50,39,37,44,30,17,16,30,29,22,50,483,450,,21,,,,,,,,
450,450,Hippowdon,Ground,,,79,661,43.00,39,67,59,34,33,50,59,53,64,43,29,20,38,44,37,63,693,,449,,,,,,,,,
451,451,Skorupi,Poison,Bug,Uncommon,31,27,27.28,17,24,29,43,42,50,28,29,33,26,14,16,16,36,28,54,468,452,,21,,,,,,,,
452,452,Drapion,Poison,Dark,,51,136,41.60,36,45,44,58,57,50,48,45,53,40,26,29,29,46,38,61,669,,451,,,,,,,,,
453,453,Croagunk,Poison,Fighting,Uncommon,28,51,28.83,19,19,33,36,34,50,33,33,39,41,27,31,23,27,21,30,477,454,,21,,,,,,,,
454,454,Toxicroak,Poison,Fighting,,51,98,42.20,37,45,50,53,52,50,56,51,61,49,37,36,26,41,33,44,684,,453,,,,,,,,,
455,455,Carnivine,Grass,,Uncommon,55,60,34.26,26,49,46,34,32,50,53,49,58,50,38,13,12,44,37,47,612,,,,,,,,,,,
456,456,Finneon,Water,,Common,16,15,25.84,16,8,34,44,42,50,27,28,33,35,22,13,17,39,31,38,461,457,,20,,,,,,,,
457,457,Lumineon,Water,,,47,53,37.88,31,41,44,56,55,50,37,36,43,43,30,16,21,51,44,49,616,,456,,,,,,,,,
458,458,Mantyke,Water,Flying,Common,39,143,27.96,18,33,32,36,34,50,13,16,18,40,26,2,5,68,61,35,469,226,,20,,,,,,,,
459,459,Snover,Grass,Ice,Uncommon,39,111,29.46,20,33,39,31,29,50,34,33,39,41,27,18,18,38,31,35,496,460,,21,,,,,,,,
460,460,Abomasnow,Grass,Ice,,87,299,44.09,41,70,53,41,39,50,49,45,54,51,39,27,26,51,43,49,687,,459,,,,10060,,,,,
460,10060,Mega Abomasnow,Grass,Ice,,106,408,50.64,55,71,53,26,24,50,67,62,71,64,55,48,42,61,53,59,806,,,,,,,,,,,
461,461,Weavile,Dark,Ice,,43,75,43.64,41,37,44,72,68,50,62,57,67,33,20,42,20,51,43,44,710,,215,,,,,,,,,
462,462,Magnezone,Electric,Steel,,47,397,43.59,40,41,44,41,39,50,38,37,43,64,54,42,37,53,46,62,691,,82,,,,,,,,,
463,463,Lickilicky,Normal,,,67,309,43.56,40,59,59,36,34,50,45,43,51,47,34,30,33,56,48,56,681,,108,,,,,,,,,
464,464,Rhyperior,Ground,Rock,,94,624,43.60,40,70,61,31,29,50,70,65,74,38,24,26,41,36,28,66,709,,112,,,,,,,,,
465,465,Tangrowth,Grass,,,79,284,43.10,39,67,56,36,34,50,53,49,58,57,46,27,34,33,26,64,690,,114,,,,,,,,,
466,466,Electivire,Electric,,,71,306,44.54,42,62,47,58,57,50,63,58,68,52,40,25,17,51,43,45,736,,125,,,,,,,,,
467,467,Magmortar,Fire,,,63,150,44.54,42,56,47,52,51,50,50,47,56,62,52,36,15,56,48,45,723,,126,,,,,,,,,
468,468,Togekiss,Fairy,Flying,,59,84,45.00,43,53,51,51,49,50,28,29,33,60,50,24,31,66,58,56,689,,176,,,,,,,,,
469,469,Yanmega,Bug,Flying,,75,114,43.57,40,65,51,58,57,50,41,39,46,59,49,32,14,36,29,53,679,,193,,,,,,,,,
470,470,Leafeon,Grass,,Rare,39,56,40.52,35,33,42,58,57,50,58,53,63,40,26,28,36,41,33,66,684,,133,,,,,,,,,
471,471,Glaceon,Ice,,Rare,31,57,40.56,35,24,42,43,42,50,33,33,38,64,54,40,35,56,48,61,663,,133,,,,,,,,,
472,472,Gliscor,Ground,Flying,,79,94,44.01,41,67,47,58,57,50,50,47,56,33,20,18,32,46,38,64,683,,207,,,,,,,,,
473,473,Mamoswine,Ice,Ground,,98,642,44.44,42,71,59,51,49,50,66,61,70,44,30,21,26,38,31,51,718,,221,,,,,,,,,
474,474,Porygon-Z,Normal,,,35,75,44.01,41,29,51,56,54,50,43,41,48,65,56,37,40,46,38,46,700,,233,,,,,,,,,
475,475,Gallade,Psychic,Fighting,,63,115,43.91,41,56,43,51,49,50,64,59,69,42,28,29,20,66,58,44,728,,281,,,,10068,,,,,
475,10068,Mega Gallade,Psychic,Fighting,,63,124,51.10,55,56,43,66,63,50,80,75,82,42,28,44,30,66,58,56,839,,,,,,,,,,,
476,476,Probopass,Rock,Steel,,55,750,40.52,35,49,39,31,29,50,30,31,36,45,32,18,36,79,74,69,648,,299,,,,,,,,,
477,477,Dusknoir,Ghost,,,87,235,44.09,41,70,32,33,32,50,53,49,58,42,28,19,36,74,68,67,711,,356,,,,,,,,,
478,478,Froslass,Ice,Ghost,,51,59,40.35,35,45,44,66,63,50,43,41,48,47,34,26,16,43,36,46,648,,361,,,,,,,,,
479,479,Rotom,Electric,Ghost,Rare,12,1,31.31,22,5,34,56,55,50,28,29,33,52,40,22,17,47,39,50,557,,,,,,,,,100008 10009 10010 10011 10012,rotomcatalog,
479,10008,Rotom-Heat,Electric,Fire,,12,1,40.66,35,5,34,54,52,50,35,35,41,55,44,49,39,62,54,60,669,,,,,,,,,10009 10010 10011 10012,rotomcatalog,
479,10009,Rotom-Wash,Electric,Water,,12,1,40.65,35,5,34,54,52,50,35,35,41,55,44,37,49,62,54,60,667,,,,,,,,,10008 10010 10011 10012,rotomcatalog,
479,10010,Rotom-Frost,Electric,Ice,,12,1,40.68,35,5,34,54,52,50,35,35,41,55,44,42,45,62,54,60,668,,,,,,,,,10008 10009 10011 10012,rotomcatalog,
479,10011,Rotom-Fan,Electric,Flying,,12,1,40.60,35,5,34,54,52,50,35,35,41,55,44,45,42,62,54,60,668,,,,,,,,,10008 10009 10010 10012,rotomcatalog,
479,10012,Rotom-Mow,Electric,Grass,,12,1,40.65,35,5,34,54,52,50,35,35,41,55,44,43,44,62,54,60,668,,,,,,,,,100008 10009 10010 10011,rotomcatalog,
480,480,Uxie,Psychic,,Pseudo,12,1,45.63,45,5,47,58,57,50,40,39,46,45,32,50,54,72,66,66,727,,,,,,,,,,,
481,481,Mesprit,Psychic,,Pseudo,12,1,45.62,45,5,49,51,49,50,55,51,61,55,44,55,55,61,53,59,753,,,,,,,,,,,
482,482,Azelf,Psychic,,Pseudo,12,1,45.67,45,5,47,68,64,50,64,59,69,62,52,54,46,43,36,46,765,,,,,,,,,,,
483,483,Dialga,Steel,Dragon,Mythical,213,1506,55.21,60,79,56,56,54,50,62,57,67,70,62,46,30,58,51,63,861,,,,,,,,,,,
484,484,Palkia,Water,Dragon,Mythical,165,741,55.22,60,76,53,61,59,50,62,57,67,70,62,35,31,68,61,58,870,,,,,,,,,,,
485,485,Heatran,Fire,Steel,Legendary,67,948,48.24,50,59,53,49,48,50,48,45,53,64,54,34,32,61,54,60,764,,,,,,,,,,,
486,486,Regigigas,Normal,,Mythical,146,926,51.04,55,75,59,61,59,50,78,73,80,47,34,24,24,63,56,61,844,,,,,,,,,,,
487,487,Giratina (Altered Forme),Ghost,Dragon,Mythical,177,1654,55.26,60,77,68,56,54,50,53,49,58,54,42,32,44,68,61,63,829,,,,,,,,,10007,griseousorb,
487,10007,Giratina (Origin Forme),Ghost,Dragon,,272,1433,55.25,60,81,68,56,54,50,62,57,67,60,50,47,28,58,51,58,847,,,,,,,,,487,griseousorb,
488,488,Cresselia,Psychic,,Legendary,59,189,47.86,50,53,62,53,52,50,38,37,43,45,32,24,41,72,66,63,731,,,,,,,,,,,
489,489,Phione,Water,,Rare,16,7,40.08,34,8,49,51,49,50,43,41,48,47,34,45,45,48,41,51,650,,,,,,,,,,,
490,490,Manaphy,Water,,Pseudo,12,3,45.79,45,5,56,61,59,50,53,49,58,54,42,52,48,58,51,58,754,,,,,,,,,,,
491,491,Darkrai,Dark,,Legendary,59,111,47.87,50,53,44,72,68,50,48,45,53,65,56,38,18,53,46,54,763,,,,,,,,,,,
492,492,Shaymin (Land Forme),Grass,,Pseudo,8,5,45.71,45,3,56,61,59,50,53,49,58,54,42,49,52,58,51,58,753,,,,,,,,,10006,gracidea,
492,10006,Shaymin (Sky Forme),Grass,Flying,,16,12,47.27,48,8,56,73,68,50,54,50,60,60,50,54,46,46,38,49,762,,,,,,,,,,,
493,493,Arceus,Normal,,Mythical,126,706,57.50,63,73,62,70,66,50,62,57,67,60,50,38,38,68,61,63,885,,,,,,,,,,,
494,494,Victini,Psychic,Fire,Pseudo,16,9,45.76,45,8,56,61,59,50,53,49,58,54,42,53,44,58,51,58,754,,,,,,,,,,,
495,495,Snivy,Grass,,Rare,24,18,29.49,20,15,32,42,41,50,25,27,31,33,20,27,28,36,28,38,473,496,,19,,,,,,,,
496,496,Servine,Grass,,,31,35,36.64,29,24,39,52,51,50,33,33,38,40,26,30,33,46,38,49,582,497,495,22,,,,,,,,
497,497,Serperior,Grass,,,130,139,47.28,48,73,47,67,64,50,40,39,46,45,32,21,25,56,48,56,709,,496,,,,,,,,,
498,498,Tepig,Fire,,Rare,20,22,29.45,20,11,42,33,32,50,34,34,40,33,20,35,31,31,23,33,482,499,,19,,,,,,,,
499,499,Pignite,Fire,Fighting,,39,122,36.71,29,33,53,38,37,50,49,46,55,44,30,34,30,36,28,38,601,500,498,22,,,,,,,,
500,500,Emboar,Fire,Fighting,,63,331,47.22,48,56,59,43,42,50,63,58,68,54,42,43,42,41,33,44,738,,499,,,,,,,,,
501,501,Oshawott,Water,,Rare,20,13,29.48,20,11,37,33,32,50,30,31,36,41,27,33,33,31,23,33,481,502,,19,,,,,,,,
502,502,Dewott,Water,,,31,54,36.61,29,24,47,41,39,50,40,39,46,48,35,35,36,38,31,41,590,503,501,22,,,,,,,,
503,503,Samurott,Water,,,59,209,47.27,48,53,54,46,44,50,53,49,58,56,45,46,42,43,36,53,728,,502,,,,,,,,,
504,504,Patrat,Normal,,Common,20,26,23.29,13,11,32,32,30,50,30,31,36,28,16,21,17,26,20,30,410,505,,19,,,,,,,,
505,505,Watchog,Normal,,,43,60,35.31,27,37,39,49,48,50,45,43,51,40,26,24,18,43,35,46,594,,504,,,,,,,,,
506,506,Lillipup,Normal,,Common,16,9,23.47,14,8,32,38,37,50,33,33,38,23,12,19,14,31,23,33,424,507,,19,,,,,,,,
507,507,Herdier,Normal,,,35,32,31.76,22,29,42,41,39,50,43,41,48,28,16,23,20,41,33,44,538,508,506,21,,,,,,,,
508,508,Stoutland,Normal,,,47,135,41.56,36,41,51,51,49,50,58,53,63,33,20,37,25,53,46,54,684,,507,,,,,,,,,
509,509,Purrloin,Dark,,Common,16,22,24.74,15,8,30,44,42,50,28,29,33,36,22,16,20,24,19,29,430,510,,20,,,,,,,,
510,510,Liepard,Dark,,,43,83,38.14,31,37,41,64,61,50,47,44,52,50,37,19,25,33,26,35,621,,509,,,,,,,,,
511,511,Pansage,Grass,,Common,24,23,24.93,15,15,34,43,41,50,29,30,35,37,23,12,10,32,25,34,450,512,,,leafstone,,,,,,,
512,512,Simisage,Grass,,,43,67,37.42,30,37,47,61,60,50,52,48,57,53,41,19,11,40,32,43,651,,511,,,,,,,,,
513,513,Pansear,Fire,,Common,24,24,24.93,15,15,34,43,41,50,29,30,35,37,23,12,10,32,25,34,450,514,,,firestone,,,,,,,
514,514,Simisear,Fire,,,39,62,37.48,30,33,47,61,60,50,52,48,57,53,41,23,12,40,32,43,652,,513,,,,,,,,,
515,515,Panpour,Water,,Common,24,30,24.93,15,15,34,43,41,50,29,30,35,37,23,12,10,32,25,34,450,516,,,waterstone,,,,,,,
516,516,Simipour,Water,,,39,64,37.42,30,33,47,61,60,50,52,48,57,53,41,19,15,40,32,43,651,,515,,,,,,,,,
517,517,Munna,Psychic,,Common,24,51,24.92,15,15,47,20,21,50,15,18,21,43,29,11,28,36,28,33,415,518,,,moonstone,,,,,,,
518,518,Musharna,Psychic,,,43,133,39.77,34,37,61,25,24,50,30,31,36,56,45,19,51,56,48,53,622,,517,,,,,,,,,
519,519,Pidove,Normal,Flying,Common,12,5,21.89,12,5,34,32,31,50,30,31,36,29,17,19,19,17,15,35,400,520,,19,,,,,,,,
520,520,Tranquill,Normal,Flying,Uncommon,24,33,30.16,20,15,40,43,42,50,41,39,47,36,22,25,27,29,22,42,520,521,519,20,,,,,,,,
521,521,Unfezant,Normal,Flying,,47,64,40.74,35,41,49,57,56,50,60,55,65,42,28,28,30,36,28,51,676,,520,,,,,,,,,
522,522,Blitzle,Electric,,Uncommon,31,66,25.38,15,24,32,49,47,50,33,33,38,36,22,12,6,19,17,26,444,523,,21,,,,,,,,
523,523,Zebstrika,Electric,,,63,175,41.60,36,56,47,69,65,50,53,49,58,47,34,21,12,40,32,43,676,,522,,,,,,,,,
524,524,Roggenrola,Rock,,Common,16,40,20.79,11,8,37,11,14,50,40,39,46,23,12,18,32,12,10,53,405,525,,19,,,,,,,,
525,525,Boldore,Rock,,Uncommon,35,225,29.87,20,29,44,16,19,50,55,51,61,36,22,22,35,27,21,59,547,526,524,,everstone,,,,,,,
526,526,Gigalith,Rock,,,67,573,41.47,36,59,51,21,22,50,68,63,72,40,26,28,42,48,41,66,697,,525,,,,,,,,,
527,527,Woobat,Psychic,Flying,Common,16,5,27.14,17,8,42,47,45,50,25,27,31,38,24,21,18,30,22,32,460,528,,,soothebell,,,,,,,
528,528,Swoobat,Psychic,Flying,,35,23,40.67,35,29,43,68,64,50,31,31,37,46,33,41,31,36,28,38,606,,527,,,,,,,,,
529,529,Drilbur,Ground,,Uncommon,12,19,28.02,18,5,39,45,43,50,45,43,51,26,14,28,22,31,23,30,495,530,,21,,,,,,,,
530,530,Excadrill,Ground,Steel,,28,89,43.73,41,19,59,55,53,50,68,63,72,36,22,50,47,41,33,41,709,,529,,,,,,,,,
531,531,Audino,Normal,,Uncommon,43,68,35.16,27,37,57,36,34,50,33,33,38,40,26,10,32,51,44,53,574,,,,,,10069,,,,,
531,10069,Mega Audino,Normal,Fairy,,59,71,45.80,45,53,57,36,34,50,33,33,38,47,34,23,52,71,64,65,690,,,,,,,,,,,
532,532,Timburr,Fighting,,Common,24,28,23.67,14,15,47,28,27,50,43,41,48,23,12,23,10,22,18,38,445,533,,19,,,,,,,,
533,533,Gurdurr,Fighting,,Uncommon,47,88,33.17,24,41,51,31,29,50,55,51,61,31,18,29,18,33,26,53,577,534,532,,everstone,,,,,,,
534,534,Conkeldurr,Fighting,,,55,192,41.90,37,49,58,33,32,50,70,65,74,38,24,44,32,41,33,56,699,,533,,,,,,,,,
535,535,Tympole,Water,,Common,20,10,24.52,15,11,34,43,41,50,28,29,33,36,22,5,22,27,21,30,432,536,,19,,,,,,,,
536,536,Palpitoad,Water,Ground,,31,38,32.06,23,24,47,45,44,50,35,35,41,42,28,10,31,36,28,38,534,537,535,21,,,,,,,,
537,537,Seismitoad,Water,Ground,,59,137,42.55,38,53,58,48,46,50,50,47,56,49,36,16,37,46,38,49,679,,536,,,,,,,,,
538,538,Throh,Fighting,,Uncommon,51,122,36.76,29,45,62,33,32,50,53,49,58,26,14,14,31,51,43,53,614,,,,,,,,,,,
539,539,Sawk,Fighting,,Uncommon,55,112,36.78,29,49,47,53,52,50,64,59,69,26,14,17,10,46,38,49,643,,,,,,,,,,,
540,540,Sewaddle,Bug,Grass,Common,12,6,22.30,12,5,32,32,30,50,29,30,35,31,18,13,13,38,31,46,433,541,,18,,,,,,,,
541,541,Swadloon,Bug,Grass,Uncommon,20,16,28.45,18,11,37,32,30,50,34,34,40,36,22,24,22,48,41,54,515,542,540,,soothebell,,,,,,,
542,542,Leavanny,Bug,Grass,,47,45,40.09,34,41,47,57,55,50,54,50,60,44,30,30,17,48,41,51,675,,541,,,,,,,,,
543,543,Venipede,Bug,Poison,Uncommon,16,12,19.81,10,8,24,39,38,50,25,27,31,26,14,8,7,26,20,41,384,544,,18,,,,,,,,
544,544,Whirlipede,Bug,Poison,,47,129,29.27,19,41,29,34,33,50,30,31,36,31,18,10,14,48,40,57,502,545,543,21,,,,,,,,
545,545,Scolipede,Bug,Poison,,98,442,43.55,40,71,39,67,63,50,53,49,58,38,24,24,15,43,35,54,683,,544,,,,,,,,,
546,546,Cottonee,Grass,Fairy,Uncommon,12,1,24.29,14,5,29,44,42,50,16,19,22,29,17,18,19,33,26,41,410,547,,,sunstone,,,,,,,
547,547,Whimsicott,Grass,Fairy,,28,15,42.32,38,19,39,69,65,50,36,35,42,46,33,29,52,46,38,53,652,,546,,,,,,,,,
548,548,Petilil,Grass,,Common,20,15,22.72,13,11,32,26,24,50,20,23,26,44,30,16,15,33,26,35,411,549,,,sunstone,,,,,,,
549,549,Lilligant,Grass,,,43,36,39.93,34,37,44,56,54,50,33,33,38,57,46,30,24,46,38,49,635,,548,,,,,,,,,
550,550,Basculin,Water,,Uncommon,39,40,36.72,29,33,44,60,58,50,49,45,54,47,34,30,12,36,28,44,624,,,,,,,,,,,
551,551,Sandile,Ground,Dark,Uncommon,28,34,25.48,16,19,34,43,42,50,39,37,44,28,16,15,14,22,18,28,449,552,,19,,,,,,,,
552,552,Krokorok,Ground,Dark,,39,74,32.49,23,33,39,48,46,50,44,41,49,33,20,27,17,31,23,33,534,553,551,21,,,,,,,,
553,553,Krookodile,Ground,Dark,,59,212,43.11,39,53,54,57,55,50,61,55,66,42,28,35,19,43,36,51,705,,552,,,,,,,,,
554,554,Darumaka,Fire,,Uncommon,24,83,28.14,18,15,44,36,34,50,48,45,53,18,8,32,19,31,23,33,489,555,,21,,,,,,,,
555,555,Darmanitan,Fire,,,51,205,43.26,40,45,58,58,57,50,70,65,74,26,14,41,30,36,28,38,690,,554,,,,,,,10017,,psychic-type
555,10017,Darmanitan (Zen Mode),Fire,Psychic,,51,205,43.33,40,45,58,38,37,50,18,21,23,67,58,30,37,61,53,59,655,,,,,,,,,555,,fire-type
554,554_f2,Darumaka-Galar,Ice,,Uncommon,28,88,28.19,18,19,44,36,34,50,48,45,53,18,8,30,17,31,23,33,489,555_f2,,21,,,,,,,,
555,555_f2,Darmanitan-Galar,Ice,,,67,265,43.26,40,59,58,58,57,50,70,65,74,26,14,35,21,36,28,38,689,,554_f2,,,,,,,,,
556,556,Maractus,Grass,,Common,39,62,30.39,20,33,47,41,39,50,46,43,51,56,45,4,4,42,34,45,580,,,,,,,,,,,
557,557,Dwebble,Bug,Rock,Common,12,32,25.46,16,5,34,38,37,50,35,35,41,28,16,16,32,22,18,53,460,558,,20,,,,,,,,
558,558,Crustle,Bug,Rock,,55,441,40.20,34,49,44,33,32,50,55,51,61,42,28,25,43,46,38,64,661,,557,,,,,,,,,
559,559,Scraggy,Dark,Fighting,Uncommon,24,26,29.39,19,15,34,35,33,50,40,39,46,28,16,27,25,43,36,46,513,560,,21,,,,,,,,
560,560,Scrafty,Dark,Fighting,,43,66,42.21,37,37,42,40,38,50,48,45,53,33,20,43,38,66,58,62,673,,559,,,,,,,,,
561,561,Sigilyph,Psychic,Flying,Rare,55,31,41.53,36,49,45,59,58,50,32,32,37,55,43,13,32,48,41,51,645,,,,,,,,,,,
562,562,Yamask,Ghost,,Uncommon,20,3,25.51,16,11,28,26,24,50,18,21,23,38,24,18,30,41,33,53,438,563,,20,,,,,,,,
563,563,Cofagrigus,Ghost,,,67,169,40.90,35,59,38,26,24,50,28,29,33,52,40,24,41,61,53,69,627,,562,,,,,,,,,
562,562_f2,Yamask-Galar,Ground,Ghost,Uncommon,20,3,25.50,16,11,28,26,24,50,30,31,36,26,14,25,25,41,33,53,453,867,,20,,,,,,,,
564,564,Tirtouga,Water,Rock,Common,28,36,26.82,17,19,36,18,20,50,42,40,47,37,23,23,29,31,23,59,497,565,,20,,,,,,,,
565,565,Carracosta,Water,Rock,,47,179,40.22,34,41,46,27,25,50,57,52,62,48,35,33,50,41,33,66,666,,564,,,,,,,,,
566,566,Archen,Rock,Flying,Common,20,21,26.81,17,11,37,46,44,50,59,53,64,45,32,15,5,31,23,33,548,567,,20,,,,,,,,
567,567,Archeops,Rock,Flying,,55,71,42.22,38,49,47,66,63,50,70,65,74,58,47,20,13,41,33,44,740,,566,,,,,,,,,
568,568,Trubbish,Poison,,Uncommon,24,68,27.60,18,15,34,43,42,50,28,29,33,31,18,13,23,39,32,42,472,569,,21,,,,,,,,
569,569,Garbodor,Poison,,,75,237,42.13,37,65,49,48,47,50,50,47,56,40,26,18,27,49,42,52,666,,568,,,,,,,,,
570,570,Zorua,Dark,,Uncommon,28,28,27.08,17,19,29,43,42,50,35,35,41,47,34,21,10,27,21,30,484,571,,21,,,,,,,,
571,571,Zoroark,Dark,,,63,179,43.48,40,56,39,63,61,50,55,51,61,60,50,34,15,38,31,41,705,,570,,,,,,,,,
572,572,Minccino,Normal,,Common,16,13,26.32,16,8,37,48,47,50,28,29,33,31,18,22,17,27,21,30,446,573,,,shinystone,,,,,,,
573,573,Cinccino,Normal,,,20,17,39.37,33,11,47,68,64,50,50,47,56,42,28,38,35,38,31,41,646,,572,,,,,,,,,
574,574,Gothita,Psychic,,Common,16,13,24.52,15,8,32,33,32,50,18,21,23,38,24,18,18,41,33,35,424,575,,19,,,,,,,,
575,575,Gothorita,Psychic,,,28,40,31.38,22,19,39,38,37,50,25,27,31,45,32,23,22,51,43,46,528,576,574,21,,,,,,,,
576,576,Gothitelle,Psychic,,,59,97,42.18,37,53,44,43,42,50,30,31,36,52,40,29,27,63,56,56,652,,575,,,,,,,,,
577,577,Solosis,Psychic,,Common,12,2,26.44,16,5,32,16,19,50,18,21,23,55,44,29,37,33,26,30,438,578,,19,,,,,,,,
578,578,Duosion,Psychic,,,24,18,34.05,25,15,42,26,24,50,23,25,28,62,52,37,44,38,31,35,532,579,577,21,,,,,,,,
579,579,Reuniclus,Psychic,,,39,44,42.63,38,33,59,26,24,50,35,35,41,62,52,44,51,51,43,49,655,,578,,,,,,,,,
580,580,Ducklett,Water,Flying,Common,20,12,24.90,15,11,40,38,37,50,25,26,30,33,20,21,11,33,26,35,436,581,,20,,,,,,,,
581,581,Swanna,Water,Flying,,51,53,39.52,33,45,47,60,58,50,46,43,52,49,37,27,15,40,32,43,644,,580,,,,,,,,,
582,582,Vanillite,Ice,,Common,16,13,23.26,13,8,27,33,31,50,28,29,33,42,28,17,10,38,31,35,440,583,,19,,,,,,,,
583,583,Vanillish,Ice,,,43,90,33.13,24,37,35,40,39,50,35,35,41,47,34,22,15,46,38,44,558,584,582,21,,,,,,,,
584,584,Vanilluxe,Ice,,,51,127,41.59,36,45,45,50,49,50,50,47,56,57,46,29,19,56,48,53,700,,583,,,,,,,,,
585,585,Deerling,Normal,Grass,Uncommon,24,43,26.33,16,15,39,48,47,50,33,33,38,31,18,11,12,33,26,35,469,586,,21,,,,,,,,
586,586,Sawsbuck,Normal,Grass,,75,204,41.52,36,65,49,58,57,50,53,49,58,40,26,16,18,43,36,46,664,,585,,,,,,,,,
587,587,Emolga,Electric,Flying,Common,16,11,30.03,20,8,37,62,60,50,40,39,46,45,32,10,15,38,31,41,554,,,,,,,,,,,
588,588,Karrablast,Bug,,Uncommon,20,13,23.52,14,11,34,41,39,50,40,39,46,31,18,10,9,31,23,33,455,589,,,everstone,,,,,,,
589,589,Escavalier,Bug,Steel,,39,73,41.08,36,33,44,16,19,50,68,63,72,40,26,42,53,61,53,59,699,,588,,,,,,,,,
590,590,Foongus,Grass,Poison,Common,8,2,25.06,15,3,44,11,14,50,30,31,36,38,24,25,37,36,28,33,440,591,,20,,,,,,,,
591,591,Amoonguss,Grass,Poison,,24,23,39.76,34,15,60,26,24,50,45,43,51,49,36,43,58,48,41,46,635,,590,,,,,,,,,
592,592,Frillish,Water,Ghost,Uncommon,47,73,30.41,20,41,37,31,29,50,23,25,28,42,28,8,19,51,43,35,490,593,,21,,,,,,,,
593,593,Jellicent,Water,Ghost,,87,298,43.49,40,70,56,41,39,50,33,33,38,49,36,13,32,61,53,46,650,,592,,,,,,,,,
594,594,Alomomola,Water,,Uncommon,47,70,36.06,28,41,72,43,42,50,40,39,46,31,18,12,34,31,23,51,573,,,,,,,,,,,
595,595,Joltik,Bug,Electric,Uncommon,4,1,24.94,15,1,34,43,42,50,26,27,32,39,25,24,13,33,26,35,450,596,,21,,,,,,,,
596,596,Galvantula,Bug,Electric,,31,32,41.02,36,24,44,65,62,50,41,39,47,53,41,41,31,38,31,41,648,,595,,,,,,,,,
597,597,Ferroseed,Grass,Steel,Uncommon,24,41,25.47,16,15,31,6,9,50,28,29,33,23,12,28,31,51,44,55,445,598,,21,,,,,,,,
598,598,Ferrothorn,Grass,Steel,,39,243,41.02,36,33,46,16,19,50,50,46,55,38,24,44,53,66,59,66,665,,597,,,,,,,,,
599,599,Klink,Steel,,Common,12,46,22.13,12,5,29,26,24,50,30,31,36,33,20,16,16,38,31,46,431,600,,19,,,,,,,,
600,600,Klang,Steel,,,24,112,32.29,23,15,39,36,34,50,43,41,48,44,30,26,26,51,43,56,582,601,599,20,,,,,,,,
601,601,Klinklang,Steel,,,24,179,39.31,33,15,39,56,54,50,53,49,58,44,30,36,36,51,43,62,676,,600,,,,,,,,,
602,602,Tynamo,Electric,,Common,8,1,21.69,12,3,27,41,39,50,30,31,36,33,20,11,13,27,21,30,412,603,,19,,,,,,,,
603,603,Eelektrik,Electric,,,47,49,32.24,23,41,42,31,29,50,45,43,51,45,32,13,19,43,36,46,566,604,602,,thunderstone,,,,,,,
604,604,Eelektross,Electric,,,83,178,42.19,37,69,51,36,34,50,60,55,65,55,44,17,25,48,41,51,701,,603,,,,,,,,,
605,605,Elgyem,Psychic,,Common,20,20,24.88,15,11,37,26,24,50,30,31,36,49,36,13,20,36,28,38,465,606,,19,,,,,,,,
606,606,Beheeyem,Psychic,,,39,76,36.74,29,33,47,31,29,50,40,39,46,62,52,21,28,56,48,49,631,,605,,,,,,,,,
607,607,Litwick,Ghost,Fire,Uncommon,12,7,20.70,11,5,34,16,19,50,18,21,23,42,28,19,14,36,28,38,391,608,,19,,,,,,,,
608,608,Lampent,Ghost,Fire,,24,29,31.04,21,15,39,38,37,50,23,25,28,52,40,32,23,38,31,41,512,609,607,,duskstone,,,,,,,
609,609,Chandelure,Ghost,Fire,,39,76,43.27,40,33,39,51,49,50,30,31,36,69,60,45,32,53,46,54,678,,608,,,,,,,,,
610,610,Axew,Dragon,,Pseudo,24,40,23.55,14,15,32,39,38,50,46,43,52,26,14,10,10,27,21,41,464,611,,19,,,,,,,,
611,611,Fraxure,Dragon,,,39,79,33.25,24,33,42,44,43,50,61,55,66,31,18,23,20,33,26,46,591,612,610,22,,,,,,,,
612,612,Haxorus,Dragon,,,71,233,47.32,48,62,47,59,58,50,73,68,76,40,26,37,32,43,36,54,761,,611,,,,,,,,,
613,613,Cubchoo,Ice,,Uncommon,20,19,23.32,13,11,37,31,29,50,38,37,43,40,26,14,13,27,21,30,447,614,,21,,,,,,,,
614,614,Beartic,Ice,,,102,573,42.47,38,71,54,36,34,50,66,61,70,44,30,28,19,48,41,51,703,,613,,,,,,,,,
615,615,Cryogonal,Ice,,Rare,43,326,40.24,34,37,49,63,61,50,28,29,33,52,40,9,17,74,68,35,645,,,,,,,,,,,
616,616,Shelmet,Bug,,Uncommon,16,17,23.57,14,8,34,21,22,50,23,25,28,31,18,19,23,41,33,53,429,617,,,everstone,,,,,,,
617,617,Accelgor,Bug,,,31,56,41.07,36,24,49,79,74,50,38,37,43,54,42,32,23,38,31,30,644,,616,,,,,,,,,
618,618,Stunfisk,Ground,Electric,Common,28,24,30.34,20,19,59,27,25,50,36,35,41,47,35,9,19,58,50,52,562,,,,,,,,,,,
618,618_f2,Stunfisk-Galar,Ground,Steel,Common,28,45,30.38,20,19,59,27,25,50,43,41,49,42,29,15,20,50,43,57,569,,,,,,,,,,,
619,619,Mienfoo,Fighting,,Uncommon,35,44,28.24,18,29,32,43,42,50,45,43,51,38,24,15,8,33,26,35,514,620,,21,,,,,,,,
620,620,Mienshao,Fighting,,,55,78,42.85,39,49,42,63,61,50,64,59,69,52,40,31,21,38,31,41,711,,619,,,,,,,,,
621,621,Druddigon,Dragon,,Rare,63,306,40.63,35,56,48,35,33,50,62,57,67,40,26,22,31,53,46,54,680,,,,,,,,,,,
622,622,Golett,Ground,Ghost,Uncommon,39,203,26.36,16,33,39,28,27,50,40,38,45,28,16,12,14,33,26,35,464,623,,21,,,,,,,,
623,623,Golurk,Ground,Ghost,,110,728,42.57,38,72,52,38,37,50,64,58,68,38,24,21,27,48,41,51,689,,622,,,,,,,,,
624,624,Pawniard,Dark,Steel,Uncommon,20,23,25.86,16,11,32,41,39,50,45,43,51,31,18,20,16,27,21,46,491,625,,21,,,,,,,,
625,625,Bisharp,Dark,Steel,,63,154,43.22,40,56,42,46,44,50,64,59,69,40,26,36,33,43,36,58,702,,624,,,,,,,,,
626,626,Bouffalant,Normal,,Rare,63,209,40.84,35,56,54,38,37,50,58,53,63,31,18,19,32,56,48,56,669,,,,,,,,,,,
627,627,Rufflet,Normal,Flying,Uncommon,20,23,26.39,16,11,44,41,39,50,44,42,50,29,17,20,11,33,26,35,492,628,,20,,,,,,,,
628,628,Braviary,Normal,Flying,,59,90,40.28,35,53,56,51,49,50,63,58,68,39,25,31,9,46,38,49,685,,627,,,,,,,,,
629,629,Vullaby,Dark,Flying,Uncommon,20,20,28.49,19,11,44,41,39,50,30,31,36,33,20,15,25,41,33,49,498,630,,21,,,,,,,,
630,630,Mandibuzz,Dark,Flying,,47,87,43.36,40,41,59,51,49,50,35,35,41,38,24,25,46,56,48,59,657,,629,,,,,,,,,
631,631,Heatmor,Fire,,Uncommon,55,128,36.10,28,49,51,43,42,50,51,47,57,55,44,13,11,41,34,44,632,,,,,,,,,,,
632,632,Durant,Bug,Steel,Rare,12,73,38.37,32,5,38,65,62,50,57,52,63,35,21,46,40,32,25,61,652,,,,,,,,,,,
633,633,Deino,Dark,Dragon,Pseudo,31,38,24.12,14,24,35,30,28,50,35,35,41,33,20,10,10,33,26,35,445,634,,19,,,,,,,,
634,634,Zweilous,Dark,Dragon,,55,110,34.70,26,49,45,40,38,50,45,43,51,42,28,18,13,43,36,46,587,635,633,22,,,,,,,,
635,635,Hydreigon,Dark,Dragon,,71,353,47.34,48,62,53,60,58,50,55,51,61,62,52,31,19,53,46,54,767,,634,,,,,,,,,
636,636,Larvesta,Bug,Fire,Pseudo,43,64,28.42,18,37,37,41,39,50,45,43,51,36,22,8,6,36,28,38,517,637,,22,,,,,,,,
637,637,Volcarona,Bug,Fire,,63,101,47.37,48,56,51,61,59,50,33,33,38,65,56,38,20,61,53,44,718,,636,,,,,,,,,
638,638,Cobalion,Steel,Fighting,Legendary,83,551,48.22,50,69,53,65,62,50,48,45,53,50,38,23,35,44,37,65,737,,,,,,,,,,,
639,639,Terrakion,Rock,Fighting,Legendary,75,573,48.28,50,65,53,65,62,50,66,60,70,44,31,32,23,53,46,54,774,,,,,,,,,,,
640,640,Virizion,Grass,Fighting,Legendary,79,441,48.22,50,67,53,65,62,50,48,45,53,50,38,18,21,72,65,47,754,,,,,,,,,,,
641,641,Tornadus-Incarnate,Flying,,Legendary,59,139,48.26,50,53,49,66,63,50,60,55,65,62,52,36,28,48,41,46,774,,,,,,,,,10019,revealglass,
641,10019,Tornadus-Therian,Flying,,Legendary,55,139,48.21,50,49,49,71,66,50,53,49,58,57,46,28,35,53,46,51,761,,,,,,,,,641,revealglass,
642,642,Thundurus-Incarnate,Electric,Flying,Legendary,59,135,48.23,50,53,49,66,63,50,60,55,65,62,52,31,32,48,41,46,773,,,,,,,,,10020,revealglass,
642,10020,Thundurus-Therian,Electric,Flying,Legendary,118,135,48.28,50,72,49,61,60,50,55,51,61,69,60,27,19,48,41,46,769,,,,,,,,,642,revealglass,
643,643,Reshiram,Dragon,Fire,Mythical,126,728,55.28,61,73,56,56,54,50,62,57,67,70,62,39,35,68,61,58,868,,,,,,,,,,,
644,644,Zekrom,Dragon,Electric,Mythical,114,761,55.23,60,72,56,56,54,50,74,69,77,60,50,47,38,58,51,63,875,,,,,,,,,,,
645,645,Landorus-Incarnate,Ground,Flying,Legendary,59,150,48.24,50,53,52,61,60,50,64,59,69,59,48,35,32,48,41,54,785,,,,,,,,,10021,revealglass,
645,10021,Landorus-Therian,Ground,Flying,Legendary,51,150,48.20,50,45,52,56,55,50,72,67,75,55,44,32,47,48,41,54,793,,,,,,,,,645,revealglass,
646,646,Kyurem,Dragon,Ice,Mythical,118,717,50.82,55,72,63,58,57,50,66,61,70,64,54,25,28,53,46,54,821,,,,,,,,,10023 10022,dnasplicers,
646,10023,White Kyruem,Dragon,Ice,,130,717,56.23,62,73,63,58,57,50,82,77,84,60,50,50,36,53,46,58,897,,,,,,,,,,,
646,10022,Black Kyurem,Dragon,Ice,,142,717,56.24,62,74,63,58,57,50,62,57,67,77,70,46,32,58,51,54,876,,,,,,,,,,,
647,647,Keldeo,Water,Fighting,Legendary,55,107,48.22,50,49,53,65,62,50,39,37,44,63,54,35,34,53,46,54,738,,,,,,,,,10024,,fighting-type
647,10024,Keldeo-Resolute,Water,Fighting,,55,107,49.23,52,49,53,65,62,50,39,37,44,63,54,39,37,53,46,54,745,,,,,,,,,,,
648,648,Meloetta (Aria Forme),Normal,Psychic,Pseudo,24,14,45.66,45,15,56,56,54,50,41,39,47,63,53,37,44,71,65,50,741,,,,,,,,,10018,hi-techearbuds,
648,10018,Meloetta (Pirouette Forme),Normal,Fighting,,24,14,45.65,45,15,56,73,69,50,65,60,70,46,33,47,38,47,39,54,762,,,,,,,,,648,hi-techearbuds,
649,649,Genesect,Bug,Steel,Legendary,59,182,48.11,50,53,45,60,59,50,62,57,67,60,50,37,28,56,48,56,788,,,,,,,,,,,
650,650,Chespin,Grass,,Rare,16,20,29.56,20,8,37,30,28,50,33,33,39,35,21,36,39,31,23,44,487,651,,19,,,,,,,,
651,651,Quilladin,Grass,,,28,64,36.67,29,19,40,39,38,50,42,40,47,39,25,40,47,37,30,56,589,652,650,22,,,,,,,,
652,652,Chesnaught,Grass,Fighting,,63,198,47.19,48,56,52,43,41,50,56,51,62,45,32,42,49,46,38,64,727,,651,,,,,,,,,
653,653,Fennekin,Fire,,Rare,16,21,29.51,20,8,29,41,39,50,25,27,31,41,27,34,27,38,31,30,478,654,,19,,,,,,,,
654,654,Braixen,Fire,,,39,32,36.67,29,33,39,47,46,50,32,32,38,50,38,34,23,43,36,39,580,655,653,22,,,,,,,,
655,655,Delphox,Fire,Psychic,,59,86,47.25,48,53,47,63,61,50,37,36,43,58,48,36,28,58,51,47,716,,654,,,,,,,,,
656,656,Froakie,Water,,Rare,12,15,29.57,20,5,30,46,45,50,31,31,36,41,27,38,25,30,23,30,488,657,,19,,,,,,,,
657,657,Frogadier,Water,,,24,24,36.61,29,15,36,59,58,50,34,34,40,48,35,39,31,36,29,36,580,658,656,22,,,,,,,,
658,658,Greninja,Water,Dark,,59,88,47.28,48,53,45,71,67,50,50,47,56,55,43,42,25,44,36,45,729,,657,,,,,,,10117,,dark-type
658,10117,Ash-Greninja,Water,Dark,,59,88,50.64,55,53,45,74,70,50,72,67,75,71,63,42,25,44,36,45,832,,,,,,,,,,,
659,659,Bunnelby,Normal,,Common,16,11,21.91,12,8,28,39,38,50,21,23,26,27,15,16,15,23,19,29,377,660,,20,,,,,,,,
660,660,Diggersby,Normal,Ground,,39,94,39.94,34,33,51,50,48,50,31,31,36,36,22,52,25,47,39,50,601,,659,,,,,,,,,
661,661,Fletchling,Fire,Flying,Common,12,4,22.85,13,5,32,42,40,50,28,29,33,31,18,19,11,25,20,32,415,662,,19,,,,,,,,
662,662,Fletchinder,Fire,Flying,Uncommon,28,35,31.91,22,19,40,53,51,50,39,38,45,39,25,32,13,34,27,38,543,663,661,21,,,,,,,,
663,663,Talonflame,Fire,Flying,,47,54,42.65,38,41,48,72,68,50,43,41,49,45,32,41,15,43,35,47,670,,662,,,,,,,,,
664,664,Scatterbug,Bug,,Common,12,6,18.30,8,5,28,28,27,50,20,23,26,24,13,16,16,12,10,30,328,665,,18,,,,,,,,
665,665,Spewpa,Bug,,Uncommon,12,19,19.58,10,5,32,25,24,50,14,17,19,24,13,20,20,17,15,41,336,666,664,19,,,,,,,,
666,666,Vivillon,Bug,Flying,,47,38,36.72,29,41,49,55,54,50,29,29,34,50,38,23,20,33,26,35,566,,665,,,,,,,,,
667,667,Litleo,Fire,Normal,Uncommon,24,30,28.15,18,15,40,47,45,50,28,29,33,45,31,20,10,35,28,39,495,668,,21,,,,,,,,
668,668,Pyroar,Fire,Normal,,59,180,42.13,37,53,51,64,61,50,37,36,42,57,46,29,13,41,34,47,661,,667,,,,,,,,,
669,669,Flabébé,Fairy,,Uncommon,4,0,22.62,13,1,31,32,30,50,22,24,27,41,27,12,12,48,40,30,427,670,,19,,,,,,,,
670,670,Floette,Fairy,,,8,2,29.57,20,3,36,37,35,50,25,27,31,45,32,15,32,57,50,34,509,671,669,,shinystone,,,,,,,
671,671,Florges,Fairy,,,43,22,43.70,41,37,48,48,47,50,35,35,41,58,47,18,36,80,75,45,700,,670,,,,,,,,,
672,672,Skiddo,Grass,,Uncommon,35,68,28.23,18,29,42,37,35,50,35,35,41,41,27,7,16,37,29,34,495,673,,21,,,,,,,,
673,673,Gogoat,Grass,,,67,201,41.81,37,59,63,45,43,50,53,49,58,53,41,10,27,49,41,42,683,,672,,,,,,,,,
674,674,Pancham,Fighting,,Uncommon,24,18,25.70,16,15,43,32,31,50,44,41,49,34,21,19,12,32,25,42,490,675,,21,,,,,,,,
675,675,Pangoro,Fighting,Dark,,83,300,41.97,37,69,54,40,38,50,64,58,68,43,30,28,18,44,36,50,690,,674,,,,,,,,,
676,676,Furfrou,Normal,,Rare,47,62,40.20,34,41,47,62,60,50,43,41,48,42,28,11,30,53,46,41,643,,,,,,,,,,,
677,677,Espurr,Psychic,,Common,12,8,23.95,14,5,40,45,43,50,27,28,32,41,27,7,7,38,31,37,458,678,,19,,,,,,,,
678,678,Meowstic,Psychic,,,24,19,36.60,29,15,46,63,61,50,27,28,32,48,35,25,26,49,41,49,595,,677,,,,,,,,,
679,679,Honedge,Steel,Ghost,Uncommon,31,4,23.72,14,24,32,24,23,50,43,41,48,28,16,14,16,24,19,58,460,680,,19,,,,,,,,
680,680,Doublade,Steel,Ghost,,31,10,30.58,21,24,39,28,27,50,58,53,63,33,20,23,30,33,25,70,576,681,679,,duskstone,,,,,,,
681,681,Aegislash (Shield Forme),Steel,Ghost,,67,117,43.57,40,59,39,41,39,50,28,29,33,36,22,28,35,75,70,68,652,,680,,,,,,,10026,,ghost-type
681,10026,Aegislash (Blade Forme),Steel,Ghost,,67,117,43.59,40,59,39,41,39,50,70,65,74,67,58,43,24,33,26,35,723,,,,,,,,,681,,steel-type
682,682,Spritzee,Fairy,,Common,8,1,25.65,16,3,48,19,21,50,29,29,34,41,27,24,26,41,33,41,466,683,,,sachet,,,,,,,
683,683,Aromatisse,Fairy,,,31,34,37.08,30,24,56,25,24,50,39,37,44,53,42,38,35,53,45,47,612,,682,,,,,,,,,
684,684,Swirlix,Fairy,,Common,16,8,26.34,16,8,40,35,34,50,27,28,32,40,26,20,20,37,29,44,470,685,,,whippeddream,,,,,,,
685,685,Slurpuff,Fairy,,,31,11,37.38,30,24,50,47,45,50,43,41,48,49,36,29,30,46,38,53,629,,684,,,,,,,,,
686,686,Inkay,Dark,Psychic,Common,16,8,23.39,13,8,36,33,32,50,30,30,35,29,17,20,14,31,24,37,426,687,,20,,,,,,,,
687,687,Malamar,Dark,Psychic,,59,104,39.59,34,53,51,47,46,50,49,45,54,43,29,25,19,46,38,54,649,,686,,,,,,,,,
688,688,Binacle,Rock,Water,Common,20,68,25.55,16,11,30,36,34,50,29,29,34,30,18,13,26,36,29,45,450,689,,20,,,,,,,,
689,689,Barbaracle,Rock,Water,,51,212,38.86,32,45,45,45,43,50,55,51,61,38,24,17,30,51,44,62,661,,688,,,,,,,,,
690,690,Skrelp,Poison,Water,Uncommon,20,16,23.55,14,11,34,26,24,50,33,33,38,40,26,11,17,38,31,41,453,691,,21,,,,,,,,
691,691,Dragalge,Poison,Dragon,,71,180,43.54,40,62,42,33,31,50,40,39,46,53,41,23,35,70,62,54,681,,690,,,,,,,,,
692,692,Clauncher,Water,,Uncommon,20,18,25.97,16,11,34,33,31,50,29,30,35,40,25,23,15,40,32,42,470,693,,20,,,,,,,,
693,693,Clawitzer,Water,,,51,78,40.61,35,45,45,40,39,50,39,38,45,60,50,36,22,53,45,54,661,,692,,,,,,,,,
694,694,Helioptile,Electric,Normal,Uncommon,20,13,25.31,15,11,31,46,44,50,22,24,27,41,27,21,10,30,22,27,433,695,,,sunstone,,,,,,,
695,695,Heliolisk,Electric,Normal,,39,46,41.63,37,33,40,65,62,50,30,31,36,57,46,33,23,55,48,36,645,,694,,,,,,,,,
696,696,Tyrunt,Rock,Dragon,Uncommon,31,57,28.78,19,24,38,35,33,50,47,44,53,33,20,33,10,31,23,50,524,697,,21,,,,,,,,
697,697,Tyrantrum,Rock,Dragon,,98,595,43.11,39,71,50,46,45,50,63,57,67,43,30,38,14,38,30,63,705,,696,,,,,,,,,
698,698,Amaura,Rock,Ice,Uncommon,51,56,28.79,19,45,48,34,32,50,32,32,38,43,29,3,5,40,32,35,498,699,,21,,,,,,,,
699,699,Aurorus,Rock,Ice,,106,496,43.12,39,71,63,40,38,50,41,39,47,53,42,17,22,54,47,47,671,,698,,,,,,,,,
700,700,Sylveon,Fairy,,Rare,39,52,40.58,35,33,54,41,39,50,35,35,41,57,46,21,30,72,66,44,664,,133,,,,,,,,,
701,701,Hawlucha,Fighting,Flying,Rare,31,47,40.48,35,24,48,70,65,50,49,45,54,45,32,40,22,40,32,49,665,,,,,,,,,,,
702,702,Dedenne,Electric,Fairy,Common,8,5,30.05,20,3,43,61,60,50,32,32,37,47,35,10,17,42,34,39,542,,,,,,,,,,,
703,703,Carbink,Rock,Fairy,Uncommon,12,13,31.41,22,5,34,36,34,50,28,29,33,36,22,8,34,79,74,70,572,,,,,,,,,,,
704,704,Goomy,Dragon,,Pseudo,12,6,23.33,13,5,32,31,29,50,28,29,33,38,24,5,20,46,38,28,436,705,,19,,,,,,,,
705,705,Sliggoo,Dragon,,,31,39,33.83,25,24,43,41,39,50,40,39,46,48,35,7,24,65,57,37,595,706,704,22,,,,,,,,
706,706,Goodra,Dragon,,,79,332,47.32,48,67,53,51,49,50,53,49,58,57,46,9,26,79,74,46,767,,705,,,,,,,,,
707,707,Klefki,Steel,Fairy,Uncommon,8,7,34.89,27,3,38,48,47,50,43,41,48,47,34,22,42,52,44,55,614,,,,,,,,,,,
708,708,Phantump,Ghost,Grass,Uncommon,16,15,25.89,16,8,31,30,28,50,38,37,43,36,22,26,20,38,31,34,472,709,,,everstone,,,,,,,
709,709,Trevenant,Ghost,Grass,,59,157,40.42,35,53,51,39,37,50,58,53,63,42,28,30,24,49,42,49,668,,708,,,,,,,,,
710,710,Pumpkaboo,Ghost,Grass,Uncommon,16,11,25.83,16,8,34,36,35,50,36,35,41,33,20,12,26,36,28,46,476,711,,,everstone,,,,,,,
711,711,Gourgeist,Ghost,Grass,,35,28,40.46,35,29,42,53,51,50,48,45,53,40,25,36,39,46,38,64,659,,710,,,,,,,,,
712,712,Bergmite,Ice,,Common,39,219,25.41,15,33,37,24,23,50,37,36,43,27,15,7,25,22,18,53,450,713,,20,,,,,,,,
713,713,Avalugg,Ice,,,79,1113,38.09,31,67,54,24,23,50,61,55,66,33,20,11,41,31,24,77,637,,712,,,,,,,,,
714,714,Noibat,Flying,Dragon,Pseudo,20,18,24.14,14,11,29,38,37,50,18,21,23,33,20,24,16,27,21,28,396,715,,21,,,,,,,,
715,715,Noivern,Flying,Dragon,,59,187,45.49,44,53,51,71,67,50,38,37,43,53,41,33,20,48,41,51,697,,714,,,,,,,,,
716,716,Xerneas,Fairy,,Mythical,118,474,55.20,60,72,63,60,59,50,67,61,71,64,55,34,42,57,50,56,861,,,,,,,,,,,
717,717,Yveltal,Dark,Flying,Mythical,228,448,55.20,60,80,63,60,59,50,67,61,71,64,55,46,24,57,50,56,863,,,,,,,,,,,
718,10118,Zygarde-10%,Dragon,Ground,Legendary,47,74,37.74,31,41,36,68,64,50,53,49,58,41,27,14,10,51,43,47,652,718,,,zygardecube,,,,,,,
718,718,Zygarde-50%,Dragon,Ground,Mythical,197,672,53.08,58,79,59,58,57,50,53,49,58,47,35,36,40,56,48,63,788,10120,10118,,2x zygardecube,,,,,,,
718,10120,Zygarde,Dragon,Ground,,177,1345,58.92,65,77,83,53,52,50,53,49,58,51,39,52,57,56,48,63,841,,718,,,,,,,,,
719,719,Diancie,Rock,Fairy,Pseudo,28,19,44.13,42,19,34,36,34,50,53,49,58,54,42,45,50,79,74,70,747,,,,,,10075,,,,,
719,10075,Mega Diancie,Rock,Fairy,,43,61,53.55,58,37,34,66,63,50,78,73,80,74,66,45,51,63,56,61,897,,,,,,,,,,,
720,720,Hoopa,Psychic,Ghost,Pseudo,20,20,41.09,36,11,49,46,44,50,58,53,63,70,62,37,23,72,66,41,745,,,,,,,,,10086,prisonbottle,
720,10086,Hoopa-Unbound,Psychic,Dark,,256,1080,56.61,62,81,49,51,49,50,78,73,80,77,70,45,27,72,66,41,909,,,,,,,,,,,
721,721,Volcanion,Fire,Water,Legendary,67,430,48.20,50,59,49,46,44,50,58,53,63,64,54,36,38,53,46,63,776,,,,,,,,,,,
722,722,Rowlet,Grass,Flying,Rare,12,3,29.51,20,5,43,32,30,50,30,31,36,36,22,33,38,33,26,38,483,723,,19,,,,,,,,
723,723,Dartix,Grass,Flying,,28,35,36.41,29,19,48,37,35,50,40,39,46,44,30,36,41,43,36,49,593,724,722,22,,,,,,,,
724,724,Decidueye,Grass,Ghost,,63,81,47.22,48,56,48,46,44,50,56,51,62,54,42,35,40,58,51,49,742,,723,,,,,,,,,
725,725,Litten,Fire,,Rare,16,10,29.47,20,8,32,46,44,50,35,35,41,40,26,29,29,27,21,30,493,726,,19,,,,,,,,
726,726,Torracat,Fire,,,28,55,36.66,29,19,42,56,54,50,45,43,51,47,34,33,32,33,26,35,600,727,725,22,,,,,,,,
727,727,Incineroar,Fire,Dark,,71,183,47.22,48,62,54,41,39,50,60,55,65,47,34,43,36,53,46,54,739,,726,,,,,,,,,
728,728,Popplio,Water,,Rare,16,17,29.53,20,8,34,31,29,50,30,30,35,42,29,32,36,36,29,37,488,729,,19,,,,,,,,
729,729,Brionne,Water,,,24,39,36.41,29,15,39,36,34,50,37,36,43,51,39,35,44,49,41,46,595,730,728,22,,,,,,,,
730,730,Primarina,Water,Fairy,,71,97,47.23,48,62,49,41,39,50,40,38,45,62,53,27,40,66,59,48,719,,729,,,,,,,,,
731,731,Pikipek,Normal,Flying,Common,12,3,21.26,11,5,27,43,42,50,40,39,46,26,14,12,11,17,15,25,412,732,,19,,,,,,,,
732,732,Trumbeak,Normal,Flying,Uncommon,24,33,30.91,21,15,37,48,47,50,45,43,51,31,18,27,24,33,26,35,530,733,731,20,,,,,,,,
733,733,Toucannon,Normal,Flying,,43,57,40.76,35,37,49,41,39,50,62,57,67,45,32,42,30,46,38,49,684,,732,,,,,,,,,
734,734,Yungoos,Normal,,Common,16,13,21.92,12,8,33,33,32,50,38,37,43,26,14,18,16,17,15,25,405,735,,19,,,,,,,,
735,735,Gumshoos,Normal,,,28,31,35.36,27,19,52,33,32,50,58,53,63,38,24,43,32,38,31,41,607,,734,,,,,,,,,
736,736,Grubbin,Bug,,Common,16,10,22.61,13,8,33,34,32,50,34,33,39,38,24,12,12,31,23,33,436,737,,18,,,,,,,,
737,737,Charjabug,Bug,Electric,Uncommon,20,23,26.67,17,11,38,29,27,50,44,41,49,38,24,17,17,46,38,56,525,738,736,,thunderstone,,,,,,,
738,738,Vikavolt,Bug,Electric,,59,99,40.24,34,53,48,32,31,50,38,37,43,69,60,32,23,46,38,54,654,,737,,,,,,,,,
739,739,Crabrawler,Fighting,,Common,24,15,27.90,18,15,33,42,41,50,44,41,49,32,19,29,13,32,24,39,503,740,,20,,,,,,,,
740,740,Crabominable,Fighting,Ice,,67,397,39.86,34,59,55,32,31,50,67,62,71,41,27,38,16,42,34,50,675,,739,,,,,,,,,
741,741,Oricorio (Baile Style),Fire,Flying,Rare,24,8,37.42,30,15,47,57,56,50,38,37,43,53,41,35,26,43,36,46,623,,,,,,,,,10123 1024 1025,yellownectar pinknectar purplenectar,
741,10123,Oricorio (Pom-Pom Style),Electric,Flying,Rare,24,8,37.47,30,15,47,57,56,50,38,37,43,53,41,33,28,43,36,46,623,,,,,,,,,741 10124 10125,rednectar pinknectar purplenectar,
741,10124,Oricorio (Pa'u Style),Psychic,Flying,Rare,24,8,37.47,30,15,47,57,56,50,38,37,43,53,41,27,33,43,36,46,622,,,,,,,,,741 10123 10125,rednectar yellownectar purplenectar,
741,10125,Oricorio (Sensu Style),Ghost,Flying,Rare,24,8,37.49,30,15,47,57,56,50,38,37,43,53,41,20,39,43,36,46,621,,,,,,,,,741 10123 10124,rednectar yellownectar pinknectar,
742,742,Cutiefly,Bug,Fairy,Common,4,0,24.90,15,1,29,53,51,50,25,27,31,38,24,19,14,27,21,30,440,743,,20,,,,,,,,
743,743,Ribombee,Bug,Fairy,,8,1,39.51,33,3,39,72,67,50,30,31,36,52,40,45,35,43,36,41,620,,742,,,,,,,,,
744,744,Rockruff,Rock,,Uncommon,20,20,24.85,15,11,32,41,39,50,35,35,41,26,14,18,18,27,21,30,438,745 745_f2 745_f3,,,sunstone dawnstone duskstone,,,,,,,
745,745,Lycanroc,Rock,,,31,55,41.56,36,24,47,67,63,50,60,55,65,38,24,41,31,41,33,44,683,,744,,,,,,,,,
745,745_f2,Lycanroc-Midnight,Rock,,,43,55,41.55,36,37,51,52,50,50,60,55,65,38,24,31,36,46,38,49,682,,744,,,,,,,,,
745,745_f3,Lycanroc-Dusk,Rock,,,31,55,41.52,36,24,47,66,63,50,61,55,66,38,24,45,28,41,33,44,685,,744,,,,,,,,,
746,746,Wishiwashi,Water,,Pseudo,8,1,19.26,9,3,32,31,29,50,13,16,18,23,12,20,20,12,10,16,305,,,,,,,,,746_f2,,drizzle
746,746_f2,Wishiwashi-School,Water,,,323,173,45.89,45,83,32,26,24,50,70,65,74,67,58,20,20,74,68,66,797,,,,,,,,,,,
747,747,Mareanie,Poison,Water,Common,16,18,26.64,17,8,34,33,32,50,29,30,35,32,19,21,31,34,27,42,457,748,,20,,,,,,,,
748,748,Toxapex,Poison,Water,,28,32,39.26,33,19,34,28,27,50,34,34,40,37,23,37,53,76,71,71,634,,747,,,,,,,,,
749,749,Mudbray,Ground,,Uncommon,39,243,29.32,19,33,44,33,32,50,53,49,58,33,20,10,17,36,28,46,542,750,,21,,,,,,,,
750,750,Mudsdale,Ground,,,98,2028,42.67,38,71,56,28,27,50,64,59,69,38,24,15,40,51,43,58,693,,749,,,,,,,,,
751,751,Dewpider,Water,Bug,Common,12,9,21.45,12,5,28,23,23,50,23,25,28,31,18,12,18,44,37,36,401,752,,20,,,,,,,,
752,752,Araquanid,Water,Bug,,71,181,39.54,33,62,43,32,30,50,38,37,43,36,22,17,23,73,67,55,628,,751,,,,,,,,,
753,753,Fomantis,Grass,,Common,12,3,21.73,12,5,29,28,27,50,30,31,36,36,22,22,17,22,18,28,401,754,,20,,,,,,,,
754,754,Lurantis,Grass,,,35,41,38.26,32,29,44,33,32,50,55,51,61,47,34,39,31,53,46,54,659,,753,,,,,,,,,
755,755,Morelull,Grass,Fairy,Common,8,3,25.22,15,3,29,11,14,50,20,23,26,42,28,26,38,46,38,38,432,756,,20,,,,,,,,
756,756,Shiinotic,Grass,Fairy,,39,25,38.45,32,33,39,26,24,50,25,27,31,50,38,30,51,58,51,51,584,,755,,,,,,,,,
757,757,Salandit,Poison,Fire,Uncommon,24,11,28.27,18,15,33,49,48,50,25,26,30,44,31,25,15,27,21,30,469,758,,21,,,,,,,,
758,758,Salazzle,Poison,Fire,,47,49,42.39,38,41,43,69,65,50,35,34,40,57,47,39,20,38,31,41,650,,757,,,,,,,,,
759,759,Stufful,Normal,Fighting,Uncommon,20,15,26.02,16,11,44,36,34,50,40,39,46,33,20,21,13,33,26,35,481,760,,21,,,,,,,,
760,760,Bewear,Normal,Fighting,,83,298,42.05,37,69,62,41,39,50,64,59,69,38,24,32,17,38,31,51,684,,759,,,,,,,,,
761,761,Bounsweet,Grass,,Common,12,7,20.67,11,5,30,27,25,50,18,21,23,26,14,22,18,25,20,29,353,762,,18,,,,,,,,
762,762,Steenee,Grass,,,28,18,29.17,19,19,35,42,40,50,23,25,28,31,18,29,24,32,25,34,455,763,761,21,,,,,,,,
763,763,Tsareena,Grass,,,47,47,41.27,36,41,45,47,45,50,62,57,67,36,22,33,28,57,50,57,697,,762,,,,,,,,,
764,764,Comfey,Fairy,,Uncommon,4,1,36.02,28,1,35,61,59,50,29,29,34,48,35,25,32,63,56,54,611,,,,,,,,,,,
765,765,Oranguru,Normal,Psychic,Rare,59,168,40.88,35,53,53,41,39,50,33,33,38,50,38,14,30,63,56,51,642,,,,,,,,,,,
766,766,Passimian,Fighting,,Rare,79,183,40.87,35,67,56,51,49,50,62,57,67,31,18,24,14,38,31,54,669,,,,,,,,,,,
767,767,Wimpod,Bug,Water,Uncommon,20,27,21.34,11,11,22,51,49,50,20,23,26,21,10,10,10,17,15,30,365,768,,21,,,,,,,,
768,768,Golisopod,Bug,Water,,79,238,44.56,42,67,47,31,29,50,64,59,69,40,26,41,32,53,46,68,722,,767,,,,,,,,,
769,769,Sandygast,Ghost,Ground,Common,20,154,23.66,14,11,37,11,14,50,30,31,36,44,30,18,29,31,23,51,446,770,,20,,,,,,,,
770,770,Palossand,Ghost,Ground,,51,551,38.39,32,45,51,28,27,50,40,39,46,54,42,25,36,46,38,61,628,,769,,,,,,,,,
771,771,Pyukumuku,Water,,Common,12,3,30.38,20,5,37,1,4,50,33,33,38,26,14,25,57,72,66,66,527,,,,,,,,,,,
772,772,Type: Null,Normal,,Pseudo,75,266,38.44,32,65,54,40,39,50,50,47,56,52,40,7,7,56,48,56,667,773,,,soothebell,,,,,,,
773,773,Silvally,Normal,,,91,222,47.33,48,70,54,58,57,50,50,47,56,52,40,24,24,56,48,56,742,,772,,,,,,,,,
774,774,Minior (Meteor Form),Rock,Flying,Uncommon,12,88,33.81,25,5,39,41,39,50,33,33,38,40,26,21,44,58,51,58,576,,,,,,,,,774_f2,rock-type,
774,774_f2,Minior (Core Form),Rock,Flying,,12,1,33.87,25,5,39,70,66,50,53,49,58,54,42,25,11,38,31,41,632,,,,,,,,,774,flying-type,
775,775,Komala,Normal,,Uncommon,16,44,33.54,25,8,42,43,42,50,60,55,65,45,32,24,23,56,48,44,637,,,,,,,,,,,
776,776,Turtonator,Fire,Dragon,Rare,79,467,39.90,34,67,39,29,27,50,42,40,47,51,39,22,28,51,43,67,642,,,,,,,,,,,
777,777,Togedemaru,Electric,Steel,Common,12,7,30.07,20,5,42,59,57,50,52,48,57,31,18,14,14,45,37,43,572,,,,,,,,,,,
778,778,Mimikyu,Ghost,Fairy,Rare,8,2,40.88,35,3,37,59,57,50,48,45,53,36,22,45,47,61,53,51,667,,,,,,,,,,,
779,779,Bruxish,Water,Psychic,Uncommon,35,42,34.62,26,29,43,57,55,50,55,51,61,44,30,16,12,43,36,46,628,,,,,,,,,,,
780,780,Drampa,Normal,Dragon,Rare,118,408,40.88,35,72,48,29,27,50,33,33,38,65,56,23,17,54,46,53,644,,,,,,,,,,,
781,781,Dhelmise,Ghost,Grass,Rare,154,463,40.81,35,75,44,31,29,50,67,61,71,49,37,16,17,53,46,58,704,,,,,,,,,,,
782,782,Jangmo-o,Dragon,,Pseudo,24,66,23.76,14,15,32,33,32,50,30,31,36,33,20,18,11,31,23,44,439,783,,19,,,,,,,,
783,783,Hakamo-o,Dragon,Fighting,,47,104,35.23,27,41,37,43,42,50,40,39,46,42,28,25,20,43,36,54,586,784,782,22,,,,,,,,
784,784,Kommo-o,Dragon,Fighting,,63,172,47.37,48,56,47,53,52,50,58,53,63,54,42,35,30,61,53,64,771,,783,,,,,,,,,
785,785,Tapu Koko,Electric,Fairy,Pseudo,71,45,45.89,45,62,44,74,69,50,60,55,65,52,40,30,11,46,38,53,749,,,,,,,,,,,
786,786,Tapu Lele,Psychic,Fairy,Pseudo,47,41,45.83,45,41,44,58,57,50,45,43,51,64,54,31,30,66,58,49,741,,,,,,,,,,,
787,787,Tapu Bulu,Grass,Fairy,Pseudo,75,100,45.89,45,65,44,48,47,50,66,61,70,49,36,25,31,56,48,62,758,,,,,,,,,,,
788,788,Tapu Fini,Water,Fairy,Pseudo,51,47,45.89,45,45,44,53,52,50,40,39,46,52,40,21,43,72,66,62,725,,,,,,,,,,,
789,789,Cosmog,Psychic,,Mythical,8,0,17.22,7,3,31,29,28,50,17,20,23,25,14,10,10,18,16,26,320,790,,18,,,,,,,,
790,790,Cosmoem,Psychic,,,4,2204,25.34,15,1,31,29,28,50,17,20,23,25,14,10,21,72,66,66,473,791 792,789,,sunstone duskstone,,,,,,,
791,791,Solgaleo,Psychic,Steel,,134,507,55.27,60,74,66,59,58,50,69,64,73,58,47,38,43,53,45,60,857,,790,,,,,,,,,
792,792,Lunala,Psychic,Ghost,,157,265,55.24,60,76,66,59,58,50,59,54,65,66,57,45,27,62,54,54,852,,790,,,,,,,,,
793,793,Nihilego,Rock,Poison,Ultra Beast,47,122,46.61,47,41,59,62,60,50,29,30,35,63,53,29,27,72,66,34,710,,,,,,,,,,,
794,794,Buzzwole,Bug,Fighting,Ultra Beast,94,736,46.66,47,70,58,50,49,50,70,65,73,37,23,39,31,35,27,68,745,,,,,,,,,,,
795,795,Pheromosa,Bug,Fighting,Ultra Beast,71,55,46.62,47,62,45,81,76,50,69,64,73,66,57,33,10,24,19,29,758,,,,,,,,,,,
796,796,Xurkitree,Electric,,Ultra Beast,150,221,46.65,47,75,50,52,51,50,47,44,53,78,71,22,20,44,36,47,740,,,,,,,,,,,
797,797,Celesteela,Steel,Flying,Ultra Beast,362,2204,46.67,47,84,55,41,40,50,53,49,59,56,45,12,28,59,51,59,741,,,,,,,,,,,
798,798,Kartana,Steel,Grass,Ultra Beast,12,0,46.66,47,5,59,75,72,50,87,82,87,40,26,58,40,38,36,76,831,,,,,,,,,,,
799,799,Guzzlord,Dark,Dragon,Ultra Beast,217,1958,46.65,47,80,84,32,31,50,53,49,59,53,41,35,30,35,27,37,696,,,,,,,,,,,
800,800,Necrozma,Psychic,,Mythical,94,507,50.60,55,70,55,50,49,50,56,51,62,63,53,40,33,53,45,58,788,,,,,,,,,800_f2 800_f3,n-solarizer n-lunarizer,
800,800_f2,Necrozma-Dusk,Psychic,Steel,,150,1014,58.24,64,75,55,49,48,50,77,72,79,58,47,55,52,63,55,65,900,,,,,,800_f4,,,,,
800,800_f3,Necrozma-Dawn,Psychic,Ghost,,165,772,58.25,64,76,55,49,48,50,59,54,65,73,65,54,43,71,64,60,886,,,,,,800_f4,,,,,
800,800_f4,Necrozma-Ultra,Psychic,Dragon,,295,507,60.72,67,82,55,73,69,50,81,76,83,76,69,45,36,57,49,57,958,,,,,,,,,,,
801,801,Magearna,Steel,Fairy,Pseudo,39,178,45.82,45,33,49,43,42,50,50,47,56,64,54,35,46,66,58,62,755,,,,,,,,,,,
802,802,Marshadow,Fighting,Ghost,Pseudo,28,49,45.84,45,19,53,72,68,50,64,59,69,50,38,48,30,53,46,51,770,,,,,,,,,,,
803,803,Poipole,Poison,,Ultra Beast,24,4,27.92,18,15,43,47,46,50,39,38,45,45,31,11,5,42,34,45,536,804,,,dragonscale,,,,,,,
804,804,Naganadel,Poison,Dragon,,142,331,46.68,47,74,46,71,66,50,39,38,45,63,53,24,13,45,37,48,712,,803,,,,,,,,,
805,805,Stakataka,Rock,Steel,Ultra Beast,217,1808,46.65,47,80,40,9,12,50,67,61,71,37,23,37,57,59,51,83,737,,,,,,,,,,,
806,806,Blacephalon,Fire,Ghost,Ultra Beast,71,29,46.63,47,62,36,64,62,50,65,59,69,71,63,38,9,48,40,37,773,,,,,,,,,,,
807,807,Zeraora,Electric,,Pseudo,59,98,45.97,45,53,52,78,74,50,59,53,64,54,43,28,11,48,41,49,757,,,,,,,,,,,
808,808,Meltan,Steel,,Pseudo,8,18,23.89,14,3,32,28,26,50,35,35,41,38,24,24,26,22,18,44,446,809,,22,,,,,,,,
809,809,Melmetal,Steel,,,98,1764,45.92,45,71,65,28,26,50,71,67,75,47,34,37,37,41,33,69,751,,808,,,,,,,,,
810,810,Grookey,Grass,,Rare,12,11,29.46,20,5,34,43,42,50,35,35,41,31,18,36,32,27,21,35,485,811,,19,,,,,,,,
811,811,Thwackey,Grass,,,28,31,36.25,29,19,44,51,49,50,45,43,51,38,24,36,32,38,31,46,597,812,810,22,,,,,,,,
812,812,Rillaboom,Grass,,,83,198,47.44,49,69,56,53,52,50,64,59,69,40,26,36,32,43,36,54,739,,811,,,,,,,,,
813,813,Scorbunny,Fire,,Rare,12,10,29.55,20,5,34,45,44,50,38,37,44,31,18,38,28,27,21,30,473,814,,19,,,,,,,,
814,814,Raboot,Fire,,,24,20,36.27,29,15,42,58,56,50,46,43,51,38,24,38,28,38,31,41,599,815,813,22,,,,,,,,
815,815,Cinderace,Fire,,,55,73,47.26,48,49,49,70,66,50,61,55,66,42,28,40,32,46,38,49,741,,814,,,,,,,,,
816,816,Sobble,Water,,Rare,12,9,29.55,20,5,34,46,44,50,23,25,28,44,30,36,28,27,21,30,471,817,,19,,,,,,,,
817,817,Drizzile,Water,,,28,25,36.54,29,19,42,56,54,50,33,33,38,52,40,36,28,36,28,38,583,818,816,22,,,,,,,,
818,818,Inteleon,Water,,,75,100,47.78,49,65,44,70,66,50,45,43,51,62,52,34,24,41,33,44,724,,817,,,,,,,,,
819,819,Skwovet,Normal,,Common,12,6,21.92,12,5,44,21,22,50,30,31,36,28,16,19,23,22,18,38,403,820,,19,,,,,,,,
820,820,Greedent,Normal,,,24,13,35.33,27,15,62,16,19,50,50,47,56,38,24,42,45,46,38,56,604,,819,,,,,,,,,
821,821,Rookidee,Flying,,Common,8,4,22.05,12,3,28,39,38,50,26,27,32,27,15,11,24,22,18,28,388,822,,19,,,,,,,,
822,822,Corvisquire,Flying,,Uncommon,31,35,31.96,22,24,43,49,48,50,36,35,42,32,19,13,30,36,28,38,523,823,821,21,,,,,,,,
823,823,Corviknight,Flying,Steel,,87,165,43.00,39,70,55,44,43,50,46,43,52,37,23,15,33,51,43,59,664,,822,,,,,,,,,
824,824,Blipbug,Bug,,Common,16,18,19.56,10,8,22,33,32,50,13,16,18,23,12,13,13,31,23,16,323,825,,18,,,,,,,,
825,825,Dottler,Bug,Psychic,Uncommon,16,43,28.01,18,8,34,26,24,50,20,23,26,36,22,27,29,53,46,51,475,826,824,20,,,,,,,,
826,826,Orbeetle,Bug,Psychic,,16,90,38.60,32,8,39,56,54,50,25,27,31,47,34,37,32,68,61,61,630,,825,,,,,,,,,
827,827,Nickit,Dark,,Common,24,20,24.39,14,15,29,36,34,50,17,20,22,34,21,16,18,34,27,24,397,828,,20,,,,,,,,
828,828,Thievul,Dark,,,47,44,38.79,32,41,44,56,54,50,32,32,37,49,37,18,22,54,47,39,612,,827,,,,,,,,,
829,829,Gossifleur,Grass,,Common,16,5,22.03,12,8,29,6,9,50,23,25,28,31,18,24,30,38,31,41,391,830,,20,,,,,,,,
830,830,Eldegoss,Grass,,,20,6,39.15,33,11,39,41,39,50,28,29,33,47,34,34,51,68,61,54,619,,829,,,,,,,,,
831,831,Wooloo,Normal,,Uncommon,24,13,25.19,15,15,30,35,33,50,23,25,28,31,18,17,24,31,23,38,421,832,,21,,,,,,,,
832,832,Dubwool,Normal,,,51,95,41.46,36,45,45,55,53,50,43,41,48,40,26,20,35,53,46,58,658,,831,,,,,,,,,
833,833,Chewtle,Water,,Common,24,19,23.99,14,15,34,33,31,50,35,34,40,30,17,19,15,25,20,35,433,834,,20,,,,,,,,
834,834,Drednaw,Water,Rock,,39,255,38.14,31,33,53,48,46,50,60,55,65,35,21,32,25,42,35,54,654,,833,,,,,,,,,
835,835,Yamper,Electric,,Common,12,30,21.90,12,5,39,22,22,50,25,27,31,31,18,24,14,33,26,35,402,836,,20,,,,,,,,
836,836,Boltund,Electric,,,39,75,39.95,34,33,44,71,66,50,48,45,53,50,38,32,16,38,31,41,656,,835,,,,,,,,,
837,837,Rolycoly,Rock,,Common,12,27,19.82,10,5,24,26,24,50,23,25,28,31,18,9,18,33,26,35,375,838,,19,,,,,,,,
838,838,Carkol,Rock,Fire,,43,172,32.87,24,37,49,36,34,50,33,33,38,40,26,13,25,43,36,54,547,839,837,21,,,,,,,,
839,839,Coalossal,Rock,Fire,,110,685,41.62,36,72,59,26,24,50,43,41,48,47,34,17,32,53,46,63,655,,838,,,,,,,,,
840,840,Applin,Grass,Dragon,Uncommon,8,1,22.90,13,3,29,16,19,50,23,25,28,31,18,31,31,27,21,51,403,841 842,,,tartapple sweetapple,,,,,,,
841,841,Flapple,Grass,Dragon,,12,2,40.72,35,5,44,46,44,50,58,53,63,52,40,56,50,38,31,51,681,,840,,,,,,,,,
842,842,Appletun,Grass,Dragon,,16,29,40.73,35,8,59,26,24,50,45,43,51,54,42,54,59,48,41,51,655,,840,,,,,,,,,
843,843,Silicobra,Ground,,Uncommon,87,17,29.96,20,70,35,34,32,50,31,31,37,28,16,3,5,33,26,49,480,844,,20,,,,,,,,
844,844,Sandaconda,Ground,,,150,144,40.70,35,75,45,46,45,50,56,51,62,42,28,12,18,43,36,64,673,,843,,,,,,,,,
845,845,Cramorant,Flying,Water,Uncommon,31,40,36.08,28,24,44,53,52,50,45,43,51,49,36,21,17,56,48,38,627,,,,,,,,,,,
846,846,Arrokuda,Water,,Uncommon,20,2,24.09,14,11,30,44,42,50,34,34,40,31,18,23,11,17,15,30,430,847,,20,,,,,,,,
847,847,Barraskewda,Water,,,51,66,40.83,35,45,40,76,71,50,63,58,68,40,26,29,13,33,26,41,679,,846,,,,,,,,,
848,848,Toxel,Electric,Poison,Uncommon,16,24,23.15,13,8,29,31,29,50,22,24,27,38,24,22,22,22,18,28,394,849,,21,,,,,,,,
849,849,Toxtricity,Electric,Poison,,63,88,43.12,39,56,47,48,47,50,52,48,57,58,48,33,24,43,36,46,693,,848,,,,,,,,,
850,850,Sizzlipede,Fire,Bug,Uncommon,28,2,23.32,13,19,34,33,32,50,35,35,41,36,22,11,5,33,26,33,445,851,,21,,,,,,,,
851,851,Centiskorch,Fire,Bug,,118,265,43.10,39,72,56,43,42,50,60,55,65,50,38,23,12,53,46,44,709,,850,,,,,,,,,
852,852,Clobbopus,Fighting,,Common,24,9,23.22,13,15,34,27,25,50,37,36,42,36,22,15,11,33,26,41,450,853,,20,,,,,,,,
853,853,Grapploct,Fighting,,,63,86,38.13,31,56,49,32,30,50,61,56,66,44,30,21,21,48,41,54,659,,852,,,,,,,,,
854,854,Sinistea,Ghost,,Common,4,0,24.99,15,1,29,36,34,50,25,27,31,45,32,24,19,35,28,33,449,855,,20,,,,,,,,
855,855,Polteageist,Ghost,,,8,1,37.44,30,3,39,46,44,50,35,35,41,65,56,35,31,65,58,44,647,,854,,,,,,,,,
856,856,Hatenna,Psychic,,Common,16,8,23.29,13,8,30,30,29,50,18,21,23,39,25,20,17,35,27,33,405,857,,19,,,,,,,,
857,857,Hattrem,Psychic,,,24,11,29.76,20,15,38,35,34,50,23,25,28,49,37,25,21,45,37,44,506,858,856,21,,,,,,,,
858,858,Hatterene,Psychic,Fairy,,83,11,42.86,39,69,38,25,24,50,48,45,53,66,57,30,25,60,52,56,698,,857,,,,,,,,,
859,859,Impidimp,Dark,Fairy,Common,16,12,24.68,15,8,32,36,34,50,25,27,31,38,24,25,18,27,21,25,421,860,,19,,,,,,,,
860,860,Morgrem,Dark,Fairy,,31,28,33.22,24,24,42,46,44,50,33,33,38,45,32,27,25,36,28,33,536,861,859,21,,,,,,,,
861,861,Grimmsnarl,Dark,Fairy,,59,135,42.99,39,53,54,41,39,50,62,57,67,52,40,31,31,46,38,44,705,,860,,,,,,,,,
862,862,Obstagoon,Dark,Normal,,63,101,44.53,42,56,54,58,57,50,48,45,53,40,26,20,37,49,41,58,692,,264_f2,,,,,,,,,
863,863,Perrserker,Steel,,,31,62,38.69,32,24,44,36,34,50,58,53,63,36,22,44,48,38,31,58,639,,052_f3,,,,,,,,,
864,864,Cursola,Ghost,,,39,1,41.61,36,33,39,26,24,50,50,47,56,69,60,25,45,72,66,35,697,,222_f2,,,,,,,,,
865,865,Sirfetch'd,Fighting,,,31,258,42.42,38,24,40,43,42,50,68,63,72,43,29,51,44,49,42,56,716,,083_f2,,,,,,,,,
866,866,Mr. Rime,Ice,Psychic,,59,128,44.40,42,53,49,46,44,50,45,43,51,57,46,32,29,58,51,49,703,,122_f2,,,,,,,,,
867,867,Runerigus,Ground,Ghost,,63,147,40.96,36,56,38,26,24,50,50,47,56,36,22,38,34,61,53,69,660,,562_f2,,,,,,,,,
868,868,Milcery,Fairy,,Uncommon,8,1,24.96,15,3,32,28,26,50,23,25,28,36,22,26,26,39,31,30,425,869,,,strawberrysweet,,,,,,,
869,869,Alcremie,Fairy,,,12,1,40.44,35,5,42,43,41,50,33,33,38,57,46,43,46,69,61,49,656,,868,,,,,,,,,
870,870,Falinks,Fighting,,Rare,118,137,40.22,34,72,42,48,47,50,53,49,58,44,30,21,14,38,31,58,655,,,,,,,,,,,
871,871,Pincurchin,Electric,,Common,12,2,30.44,20,5,33,11,14,50,53,49,59,51,39,33,39,51,43,56,586,,,,,,,,,,,
872,872,Snom,Ice,Bug,Uncommon,12,8,20.27,10,5,24,16,19,50,15,18,21,33,20,36,20,17,15,28,337,873,,,soothebell,,,,,,,
873,873,Frosmoth,Ice,Bug,,51,93,42.21,37,45,44,43,42,50,35,35,41,62,52,42,25,53,46,41,656,,872,,,,,,,,,
874,874,Stonjourner,Rock,,Rare,98,1146,38.30,32,71,56,46,44,50,64,59,69,21,10,20,27,7,5,67,616,,,,,,,,,,,
875,875,Eiscue,Ice,,Rare,55,196,38.35,32,49,47,36,34,50,43,41,48,42,28,32,20,53,46,61,630,,,,,,,,,,,
876,876,Indeedee-M,Psychic,Normal,Rare,35,62,37.17,30,29,39,58,57,50,35,35,41,55,44,19,17,56,48,38,621,,,,,,,,,,,
876,876_f2,Indeedee-F,Psychic,Normal,Rare,35,62,37.18,30,29,44,53,52,50,30,31,36,52,40,15,23,61,53,44,613,,,,,,,,,,,
877,877,Morpeko,Electric,Dark,Common,12,7,30.30,20,5,38,59,58,50,50,47,56,44,30,19,13,37,30,39,575,,,,,,,,,,,
878,878,Cufant,Steel,,Uncommon,47,221,28.04,18,41,45,31,29,50,43,41,48,31,18,13,8,33,25,35,491,879,,21,,,,,,,,
879,879,Copperajah,Steel,,,118,1433,41.20,36,72,62,26,24,50,66,61,70,47,34,31,17,43,35,46,684,,878,,,,,,,,,
880,880,Dracozolt,Electric,Dragon,Rare,71,419,42.23,38,62,53,48,47,50,53,49,58,47,34,29,19,43,36,54,682,,,,,,,,,,,
881,881,Arctozolt,Electric,Ice,Rare,91,331,42.26,38,70,53,38,37,50,53,49,58,50,38,21,23,48,41,54,683,,,,,,,,,,,
882,882,Dracovish,Water,Dragon,Rare,91,474,42.22,38,70,53,48,47,50,48,45,53,44,30,13,24,48,41,58,672,,,,,,,,,,,
883,883,Arctovish,Water,Ice,Rare,79,386,42.22,38,67,53,38,37,50,48,45,53,47,34,12,33,53,46,58,674,,,,,,,,,,,
884,884,Duraludon,Steel,Dragon,Rare,71,88,41.36,36,62,44,53,52,50,50,47,56,60,50,21,19,33,26,62,685,,,,,,,,,,,
885,885,Dreepy,Dragon,Ghost,Pseudo,20,4,22.12,12,11,23,52,50,50,33,33,38,31,18,10,5,17,15,25,411,886,,19,,,,,,,,
886,886,Drakloak,Dragon,Ghost,,55,4,35.45,28,49,43,62,60,50,43,41,48,40,26,13,9,33,26,35,578,887,885,22,,,,,,,,
887,887,Dragapult,Dragon,Ghost,,118,110,47.34,48,72,52,78,73,50,62,57,67,54,42,16,12,46,38,49,768,,886,,,,,,,,,
888,888,Zacian,Fairy,,Mythical,110,243,47.60,49,72,53,76,72,50,66,61,70,47,34,12,5,66,58,62,804,,,,,,,,,888_f2,rustedsword,
888,888_f2,Zacian-Crowned,Fairy,Steel,,110,783,57.56,63,72,53,80,75,50,82,77,84,47,34,57,20,66,58,62,917,,,,,,,,,,,
889,889,Zamazenta,Fighting,,Mythical,114,463,47.63,49,72,53,76,72,50,66,61,70,47,34,5,11,66,58,62,803,,,,,,,,,889_f2,rustedshield,
889,889_f2,Zamazenta-Crowned,Fighting,Steel,,114,1731,57.52,63,72,53,73,69,50,66,61,70,47,34,20,54,77,72,69,887,,,,,,,,,,,
890,890,Eternatus,Poison,Dragon,Mythical,787,2094,55.23,60,95,66,74,69,50,45,43,51,69,60,23,19,56,48,56,824,,,,,,,,,,,
891,891,Kubfu,Fighting,,Pseudo,24,27,29.55,20,15,39,47,45,50,48,45,53,37,23,27,12,33,26,41,541,892 892_f2,,,duskstone waterstone,,,,,,,
892,892,Urshifu-S,Fighting,Dark,,75,232,47.31,48,65,56,59,58,50,66,61,70,41,27,36,31,38,31,58,747,,891,,,,,,,,,
892,892_f2,Urshifu-R,Fighting,Water,,75,232,47.36,48,65,56,59,58,50,66,61,70,41,27,34,33,38,31,58,747,,891,,,,,,,,,
893,893,Zarude,Dark,Grass,Pseudo,71,154,45.72,45,62,58,63,61,50,62,57,67,44,30,21,18,56,48,59,756,,,,,,,,,,,
894,894,Regieleki,Electric,,Legendary,47,320,48.27,50,41,49,85,90,50,53,49,58,54,42,58,18,33,26,35,741,,,,,,,,,,,
895,895,Regidrago,Dragon,,Legendary,83,441,48.21,50,69,79,51,49,50,53,49,58,54,42,19,47,33,26,35,714,,,,,,,,,,,
896,896,Glastrier,Ice,,Pseudo,87,1764,45.02,43,70,56,26,24,50,72,67,75,42,28,25,35,63,56,66,755,,,,,,,,,,,
897,897,Spectrier,Ghost,,Pseudo,79,98,45.02,43,67,56,74,69,50,35,35,41,69,60,12,7,48,41,41,705,,,,,,,,,,,
898,898,Calyrex,Psychic,Grass,Legendary,43,17,43.49,40,37,56,51,49,50,43,41,48,47,34,39,39,48,41,51,674,,,,,,,,,898_f2 898_f3,reinsofunity,
898,898_f2,Ice Rider Calyrex,Psychic,Ice,,94,1784,56.37,62,70,56,36,34,50,80,75,82,49,36,50,60,72,66,70,886,,,,,,,,,,,
898,898_f3,Shadow Rider Calyrex,Psychic,Ghost,,94,118,56.35,62,70,56,80,76,50,45,43,51,75,68,39,30,58,51,51,843,,,,,,,,,,,